--
-- Data for Name: users; Type: TABLE DATA; Schema: public; Owner: postgres
--

INSERT INTO public.users (id, created_at, deleted_at, updated_at, avatar_url, date_of_birth, first_name, gender, last_name) VALUES (1, '2024-11-05 10:53:56.26197', NULL, '2024-11-05 10:53:56.26197', 'https://example.com/avatar1.jpg', '1985-04-15', 'John', 'MALE', 'Doe');
INSERT INTO public.users (id, created_at, deleted_at, updated_at, avatar_url, date_of_birth, first_name, gender, last_name) VALUES (2, '2024-11-05 10:53:56.26197', NULL, '2024-11-05 10:53:56.26197', 'https://example.com/avatar2.jpg', '1990-06-23', 'Jane', 'FEMALE', 'Smith');
INSERT INTO public.users (id, created_at, deleted_at, updated_at, avatar_url, date_of_birth, first_name, gender, last_name) VALUES (3, '2024-11-05 10:53:56.26197', NULL, '2024-11-05 10:53:56.26197', 'https://example.com/avatar3.jpg', '1982-11-05', 'Mark', 'MALE', 'Johnson');
INSERT INTO public.users (id, created_at, deleted_at, updated_at, avatar_url, date_of_birth, first_name, gender, last_name) VALUES (4, '2024-11-05 10:53:56.26197', NULL, '2024-11-05 10:53:56.26197', 'https://example.com/avatar4.jpg', '1978-03-29', 'Emily', 'FEMALE', 'Davis');
INSERT INTO public.users (id, created_at, deleted_at, updated_at, avatar_url, date_of_birth, first_name, gender, last_name) VALUES (5, '2024-11-05 11:30:35.114306', NULL, '2024-11-05 11:30:35.114306', 'https://example.com/avatar5.jpg', '1987-08-12', 'Alice', 'FEMALE', 'Brown');
INSERT INTO public.users (id, created_at, deleted_at, updated_at, avatar_url, date_of_birth, first_name, gender, last_name) VALUES (6, '2024-11-05 11:30:35.114306', NULL, '2024-11-05 11:30:35.114306', 'https://example.com/avatar6.jpg', '1992-02-19', 'Bob', 'MALE', 'Williams');
INSERT INTO public.users (id, created_at, deleted_at, updated_at, avatar_url, date_of_birth, first_name, gender, last_name) VALUES (7, '2024-11-05 11:30:35.114306', NULL, '2024-11-05 11:30:35.114306', 'https://example.com/avatar7.jpg', '1989-07-07', 'Cathy', 'FEMALE', 'Miller');
INSERT INTO public.users (id, created_at, deleted_at, updated_at, avatar_url, date_of_birth, first_name, gender, last_name) VALUES (8, '2024-11-05 11:30:35.114306', NULL, '2024-11-05 11:30:35.114306', 'https://example.com/avatar8.jpg', '1983-09-25', 'David', 'MALE', 'Wilson');
INSERT INTO public.users (id, created_at, deleted_at, updated_at, avatar_url, date_of_birth, first_name, gender, last_name) VALUES (9, '2024-11-05 11:30:35.114306', NULL, '2024-11-05 11:30:35.114306', 'https://example.com/avatar9.jpg', '1995-12-15', 'Eve', 'FEMALE', 'Moore');
INSERT INTO public.users (id, created_at, deleted_at, updated_at, avatar_url, date_of_birth, first_name, gender, last_name) VALUES (10, '2024-11-05 11:30:35.114306', NULL, '2024-11-05 11:30:35.114306', 'https://example.com/avatar10.jpg', '1988-01-10', 'Frank', 'MALE', 'Taylor');
INSERT INTO public.users (id, created_at, deleted_at, updated_at, avatar_url, date_of_birth, first_name, gender, last_name) VALUES (11, '2024-11-05 11:30:35.114306', NULL, '2024-11-05 11:30:35.114306', 'https://example.com/avatar11.jpg', '1991-05-23', 'Grace', 'FEMALE', 'Anderson');
INSERT INTO public.users (id, created_at, deleted_at, updated_at, avatar_url, date_of_birth, first_name, gender, last_name) VALUES (12, '2024-11-05 11:30:35.114306', NULL, '2024-11-05 11:30:35.114306', 'https://example.com/avatar12.jpg', '1986-04-17', 'Henry', 'MALE', 'Thomas');
INSERT INTO public.users (id, created_at, deleted_at, updated_at, avatar_url, date_of_birth, first_name, gender, last_name) VALUES (13, '2024-11-05 11:30:35.114306', NULL, '2024-11-05 11:30:35.114306', 'https://example.com/avatar13.jpg', '1984-11-30', 'Ivy', 'FEMALE', 'Jackson');
INSERT INTO public.users (id, created_at, deleted_at, updated_at, avatar_url, date_of_birth, first_name, gender, last_name) VALUES (14, '2024-11-05 11:30:35.114306', NULL, '2024-11-05 11:30:35.114306', 'https://example.com/avatar14.jpg', '1993-06-02', 'Jack', 'MALE', 'White');
INSERT INTO public.users (id, created_at, deleted_at, updated_at, avatar_url, date_of_birth, first_name, gender, last_name) VALUES (15, '2024-11-07 06:09:33.165192', NULL, '2024-11-07 06:09:33.165192', 'https://example.com/avatar15.jpg', '1980-05-20', 'Adam', 'MALE', 'Green');
INSERT INTO public.users (id, created_at, deleted_at, updated_at, avatar_url, date_of_birth, first_name, gender, last_name) VALUES (16, '2024-11-07 06:09:33.165192', NULL, '2024-11-07 06:09:33.165192', 'https://example.com/avatar16.jpg', '1981-07-15', 'Bella', 'FEMALE', 'Clark');
INSERT INTO public.users (id, created_at, deleted_at, updated_at, avatar_url, date_of_birth, first_name, gender, last_name) VALUES (17, '2024-11-07 06:09:33.165192', NULL, '2024-11-07 06:09:33.165192', 'https://example.com/avatar17.jpg', '1979-02-22', 'Chris', 'MALE', 'Harris');
INSERT INTO public.users (id, created_at, deleted_at, updated_at, avatar_url, date_of_birth, first_name, gender, last_name) VALUES (18, '2024-11-07 06:09:33.165192', NULL, '2024-11-07 06:09:33.165192', 'https://example.com/avatar18.jpg', '1992-09-30', 'Diana', 'FEMALE', 'Lee');
INSERT INTO public.users (id, created_at, deleted_at, updated_at, avatar_url, date_of_birth, first_name, gender, last_name) VALUES (19, '2024-11-07 06:09:33.165192', NULL, '2024-11-07 06:09:33.165192', 'https://example.com/avatar19.jpg', '1985-12-05', 'Ethan', 'MALE', 'Scott');
INSERT INTO public.users (id, created_at, deleted_at, updated_at, avatar_url, date_of_birth, first_name, gender, last_name) VALUES (20, '2024-11-07 06:09:33.165192', NULL, '2024-11-07 06:09:33.165192', 'https://example.com/avatar20.jpg', '1991-03-12', 'Fiona', 'FEMALE', 'Wright');
INSERT INTO public.users (id, created_at, deleted_at, updated_at, avatar_url, date_of_birth, first_name, gender, last_name) VALUES (21, '2024-11-07 06:09:33.165192', NULL, '2024-11-07 06:09:33.165192', 'https://example.com/avatar21.jpg', '1983-08-14', 'George', 'MALE', 'Hall');
INSERT INTO public.users (id, created_at, deleted_at, updated_at, avatar_url, date_of_birth, first_name, gender, last_name) VALUES (22, '2024-11-07 06:09:33.165192', NULL, '2024-11-07 06:09:33.165192', 'https://example.com/avatar22.jpg', '1986-11-19', 'Hannah', 'FEMALE', 'Young');
INSERT INTO public.users (id, created_at, deleted_at, updated_at, avatar_url, date_of_birth, first_name, gender, last_name) VALUES (23, '2024-11-07 06:09:33.165192', NULL, '2024-11-07 06:09:33.165192', 'https://example.com/avatar23.jpg', '1977-04-10', 'Isaac', 'MALE', 'King');
INSERT INTO public.users (id, created_at, deleted_at, updated_at, avatar_url, date_of_birth, first_name, gender, last_name) VALUES (24, '2024-11-07 06:09:33.165192', NULL, '2024-11-07 06:09:33.165192', 'https://example.com/avatar24.jpg', '1994-06-21', 'Julia', 'FEMALE', 'Hill');
INSERT INTO public.users (id, created_at, deleted_at, updated_at, avatar_url, date_of_birth, first_name, gender, last_name) VALUES (25, '2024-11-07 06:09:33.165192', NULL, '2024-11-07 06:09:33.165192', 'https://example.com/avatar25.jpg', '1988-10-01', 'Kevin', 'MALE', 'Baker');
INSERT INTO public.users (id, created_at, deleted_at, updated_at, avatar_url, date_of_birth, first_name, gender, last_name) VALUES (26, '2024-11-07 06:09:33.165192', NULL, '2024-11-07 06:09:33.165192', 'https://example.com/avatar26.jpg', '1984-02-15', 'Luna', 'FEMALE', 'Morgan');
INSERT INTO public.users (id, created_at, deleted_at, updated_at, avatar_url, date_of_birth, first_name, gender, last_name) VALUES (27, '2024-11-07 06:09:33.165192', NULL, '2024-11-07 06:09:33.165192', 'https://example.com/avatar27.jpg', '1990-05-06', 'Mike', 'MALE', 'Carter');
INSERT INTO public.users (id, created_at, deleted_at, updated_at, avatar_url, date_of_birth, first_name, gender, last_name) VALUES (28, '2024-11-07 06:09:33.165192', NULL, '2024-11-07 06:09:33.165192', 'https://example.com/avatar28.jpg', '1982-09-27', 'Nina', 'FEMALE', 'Reed');
INSERT INTO public.users (id, created_at, deleted_at, updated_at, avatar_url, date_of_birth, first_name, gender, last_name) VALUES (29, '2024-11-07 06:09:33.165192', NULL, '2024-11-07 06:09:33.165192', 'https://example.com/avatar29.jpg', '1981-01-30', 'Oscar', 'MALE', 'Fisher');
INSERT INTO public.users (id, created_at, deleted_at, updated_at, avatar_url, date_of_birth, first_name, gender, last_name) VALUES (30, '2024-11-07 06:09:33.165192', NULL, '2024-11-07 06:09:33.165192', 'https://example.com/avatar30.jpg', '1987-07-09', 'Paula', 'FEMALE', 'Gray');
INSERT INTO public.users (id, created_at, deleted_at, updated_at, avatar_url, date_of_birth, first_name, gender, last_name) VALUES (31, '2024-11-07 06:09:33.165192', NULL, '2024-11-07 06:09:33.165192', 'https://example.com/avatar31.jpg', '1979-12-13', 'Quinn', 'MALE', 'Sanders');
INSERT INTO public.users (id, created_at, deleted_at, updated_at, avatar_url, date_of_birth, first_name, gender, last_name) VALUES (32, '2024-11-07 06:09:33.165192', NULL, '2024-11-07 06:09:33.165192', 'https://example.com/avatar32.jpg', '1993-03-03', 'Rachel', 'FEMALE', 'Bennett');
INSERT INTO public.users (id, created_at, deleted_at, updated_at, avatar_url, date_of_birth, first_name, gender, last_name) VALUES (33, '2024-11-07 06:09:33.165192', NULL, '2024-11-07 06:09:33.165192', 'https://example.com/avatar33.jpg', '1986-11-23', 'Sam', 'MALE', 'Parker');
INSERT INTO public.users (id, created_at, deleted_at, updated_at, avatar_url, date_of_birth, first_name, gender, last_name) VALUES (34, '2024-11-07 06:09:33.165192', NULL, '2024-11-07 06:09:33.165192', 'https://example.com/avatar34.jpg', '1989-08-28', 'Tina', 'FEMALE', 'Cooper');

--
-- Data for Name: accounts; Type: TABLE DATA; Schema: public; Owner: postgres
--

INSERT INTO public.accounts (id, created_at, deleted_at, updated_at, email, password, phone, role, account_status, username, user_id) VALUES (1, '2024-11-05 10:55:00.867174', NULL, '2024-11-05 10:55:00.867174', 'john.doe@example.com', '$2a$10$mUbfYazCUsC4T2Kmu/tB4.AB4dCi8wzg1ZKUybU48ANrwie8uqQLC', '0123456789', 'USER', 'ACTIVE', 'johndoe', 1);
INSERT INTO public.accounts (id, created_at, deleted_at, updated_at, email, password, phone, role, account_status, username, user_id) VALUES (2, '2024-11-05 10:55:00.867174', NULL, '2024-11-05 10:55:00.867174', 'jane.smith@example.com', '$2a$10$3jU7oMcYzRV09oqRoS24tuSGtDCl1A8e2qqLm6yYg0XWDL9KbAuc6', '0987654321', 'DOCTOR', 'ACTIVE', 'janesmith', 2);
INSERT INTO public.accounts (id, created_at, deleted_at, updated_at, email, password, phone, role, account_status, username, user_id) VALUES (3, '2024-11-05 10:55:00.867174', NULL, '2024-11-05 10:55:00.867174', 'mark.johnson@example.com', '$2a$10$KUCLMDze4e5474NLD1WQ..iXepjbpnOnjrXzqx99fYcU5SyXTpDua', '1234567890', 'ADMIN', 'INACTIVE', 'markjohnson', 3);
INSERT INTO public.accounts (id, created_at, deleted_at, updated_at, email, password, phone, role, account_status, username, user_id) VALUES (4, '2024-11-05 10:55:00.867174', NULL, '2024-11-05 10:55:00.867174', 'emily.davis@example.com', '$2a$10$weAZH9drOjOBc6DP25/wGO1bpNLaisIarm6M/zY2SUr9JwL07Ffcq', '1231231234', 'DOCTOR', 'ACTIVE', 'emilydavis', 4);
INSERT INTO public.accounts (id, created_at, deleted_at, updated_at, email, password, phone, role, account_status, username, user_id) VALUES (5, '2024-11-05 11:30:44.784288', NULL, '2024-11-05 11:30:44.784288', 'alice.brown@example.com', '$2a$10$weAZH9drOjOBc6DP25/wGO1bpNLaisIarm6M/zY2SUr9JwL07Ffcq', '1122334455', 'USER', 'ACTIVE', 'alicebrown', 5);
INSERT INTO public.accounts (id, created_at, deleted_at, updated_at, email, password, phone, role, account_status, username, user_id) VALUES (6, '2024-11-05 11:30:44.784288', NULL, '2024-11-05 11:30:44.784288', 'bob.williams@example.com', '$2a$10$weAZH9drOjOBc6DP25/wGO1bpNLaisIarm6M/zY2SUr9JwL07Ffcq', '2233445566', 'DOCTOR', 'ACTIVE', 'bobwilliams', 6);
INSERT INTO public.accounts (id, created_at, deleted_at, updated_at, email, password, phone, role, account_status, username, user_id) VALUES (7, '2024-11-05 11:30:44.784288', NULL, '2024-11-05 11:30:44.784288', 'cathy.miller@example.com', '$2a$10$weAZH9drOjOBc6DP25/wGO1bpNLaisIarm6M/zY2SUr9JwL07Ffcq', '3344556677', 'USER', 'ACTIVE', 'cathymiller', 7);
INSERT INTO public.accounts (id, created_at, deleted_at, updated_at, email, password, phone, role, account_status, username, user_id) VALUES (8, '2024-11-05 11:30:44.784288', NULL, '2024-11-05 11:30:44.784288', 'david.wilson@example.com', '$2a$10$weAZH9drOjOBc6DP25/wGO1bpNLaisIarm6M/zY2SUr9JwL07Ffcq', '4455667788', 'DOCTOR', 'ACTIVE', 'davidwilson', 8);
INSERT INTO public.accounts (id, created_at, deleted_at, updated_at, email, password, phone, role, account_status, username, user_id) VALUES (9, '2024-11-05 11:30:44.784288', NULL, '2024-11-05 11:30:44.784288', 'eve.moore@example.com', '$2a$10$weAZH9drOjOBc6DP25/wGO1bpNLaisIarm6M/zY2SUr9JwL07Ffcq', '5566778899', 'USER', 'ACTIVE', 'evemoore', 9);
INSERT INTO public.accounts (id, created_at, deleted_at, updated_at, email, password, phone, role, account_status, username, user_id) VALUES (10, '2024-11-05 11:30:44.784288', NULL, '2024-11-05 11:30:44.784288', 'frank.taylor@example.com', '$2a$10$weAZH9drOjOBc6DP25/wGO1bpNLaisIarm6M/zY2SUr9JwL07Ffcq', '6677889900', 'DOCTOR', 'ACTIVE', 'franktaylor', 10);
INSERT INTO public.accounts (id, created_at, deleted_at, updated_at, email, password, phone, role, account_status, username, user_id) VALUES (11, '2024-11-05 11:30:44.784288', NULL, '2024-11-05 11:30:44.784288', 'grace.anderson@example.com', '$2a$10$weAZH9drOjOBc6DP25/wGO1bpNLaisIarm6M/zY2SUr9JwL07Ffcq', '7788990011', 'USER', 'ACTIVE', 'graceanderson', 11);
INSERT INTO public.accounts (id, created_at, deleted_at, updated_at, email, password, phone, role, account_status, username, user_id) VALUES (12, '2024-11-05 11:30:44.784288', NULL, '2024-11-05 11:30:44.784288', 'henry.thomas@example.com', '$2a$10$weAZH9drOjOBc6DP25/wGO1bpNLaisIarm6M/zY2SUr9JwL07Ffcq', '8899001122', 'DOCTOR', 'ACTIVE', 'henrythomas', 12);
INSERT INTO public.accounts (id, created_at, deleted_at, updated_at, email, password, phone, role, account_status, username, user_id) VALUES (13, '2024-11-05 11:30:44.784288', NULL, '2024-11-05 11:30:44.784288', 'ivy.jackson@example.com', '$2a$10$weAZH9drOjOBc6DP25/wGO1bpNLaisIarm6M/zY2SUr9JwL07Ffcq', '9900112233', 'USER', 'ACTIVE', 'ivyjackson', 13);
INSERT INTO public.accounts (id, created_at, deleted_at, updated_at, email, password, phone, role, account_status, username, user_id) VALUES (14, '2024-11-05 11:30:44.784288', NULL, '2024-11-05 11:30:44.784288', 'jack.white@example.com', '$2a$10$weAZH9drOjOBc6DP25/wGO1bpNLaisIarm6M/zY2SUr9JwL07Ffcq', '0011223344', 'DOCTOR', 'ACTIVE', 'jackwhite', 14);
INSERT INTO public.accounts (id, created_at, deleted_at, updated_at, email, password, phone, role, account_status, username, user_id) VALUES (15, '2024-11-07 06:13:03.442167', NULL, '2024-11-07 06:13:03.442167', 'doctor15@example.com', '$2a$10$weAZH9drOjOBc6DP25/wGO1bpNLaisIarm6M/zY2SUr9JwL07Ffcq', '1234500015', 'DOCTOR', 'ACTIVE', 'doctor15', 15);
INSERT INTO public.accounts (id, created_at, deleted_at, updated_at, email, password, phone, role, account_status, username, user_id) VALUES (16, '2024-11-07 06:13:03.442167', NULL, '2024-11-07 06:13:03.442167', 'doctor16@example.com', '$2a$10$weAZH9drOjOBc6DP25/wGO1bpNLaisIarm6M/zY2SUr9JwL07Ffcq', '1234500016', 'DOCTOR', 'ACTIVE', 'doctor16', 16);
INSERT INTO public.accounts (id, created_at, deleted_at, updated_at, email, password, phone, role, account_status, username, user_id) VALUES (17, '2024-11-07 06:13:03.442167', NULL, '2024-11-07 06:13:03.442167', 'doctor17@example.com', '$2a$10$weAZH9drOjOBc6DP25/wGO1bpNLaisIarm6M/zY2SUr9JwL07Ffcq', '1234500017', 'DOCTOR', 'ACTIVE', 'doctor17', 17);
INSERT INTO public.accounts (id, created_at, deleted_at, updated_at, email, password, phone, role, account_status, username, user_id) VALUES (18, '2024-11-07 06:13:03.442167', NULL, '2024-11-07 06:13:03.442167', 'doctor18@example.com', '$2a$10$weAZH9drOjOBc6DP25/wGO1bpNLaisIarm6M/zY2SUr9JwL07Ffcq', '1234500018', 'DOCTOR', 'ACTIVE', 'doctor18', 18);
INSERT INTO public.accounts (id, created_at, deleted_at, updated_at, email, password, phone, role, account_status, username, user_id) VALUES (19, '2024-11-07 06:13:03.442167', NULL, '2024-11-07 06:13:03.442167', 'doctor19@example.com', '$2a$10$weAZH9drOjOBc6DP25/wGO1bpNLaisIarm6M/zY2SUr9JwL07Ffcq', '1234500019', 'DOCTOR', 'ACTIVE', 'doctor19', 19);
INSERT INTO public.accounts (id, created_at, deleted_at, updated_at, email, password, phone, role, account_status, username, user_id) VALUES (20, '2024-11-07 06:13:03.442167', NULL, '2024-11-07 06:13:03.442167', 'doctor20@example.com', '$2a$10$weAZH9drOjOBc6DP25/wGO1bpNLaisIarm6M/zY2SUr9JwL07Ffcq', '1234500020', 'DOCTOR', 'ACTIVE', 'doctor20', 20);
INSERT INTO public.accounts (id, created_at, deleted_at, updated_at, email, password, phone, role, account_status, username, user_id) VALUES (21, '2024-11-07 06:13:03.442167', NULL, '2024-11-07 06:13:03.442167', 'doctor21@example.com', '$2a$10$weAZH9drOjOBc6DP25/wGO1bpNLaisIarm6M/zY2SUr9JwL07Ffcq', '1234500021', 'DOCTOR', 'ACTIVE', 'doctor21', 21);
INSERT INTO public.accounts (id, created_at, deleted_at, updated_at, email, password, phone, role, account_status, username, user_id) VALUES (22, '2024-11-07 06:13:03.442167', NULL, '2024-11-07 06:13:03.442167', 'doctor22@example.com', '$2a$10$weAZH9drOjOBc6DP25/wGO1bpNLaisIarm6M/zY2SUr9JwL07Ffcq', '1234500022', 'DOCTOR', 'ACTIVE', 'doctor22', 22);
INSERT INTO public.accounts (id, created_at, deleted_at, updated_at, email, password, phone, role, account_status, username, user_id) VALUES (23, '2024-11-07 06:13:03.442167', NULL, '2024-11-07 06:13:03.442167', 'doctor23@example.com', '$2a$10$weAZH9drOjOBc6DP25/wGO1bpNLaisIarm6M/zY2SUr9JwL07Ffcq', '1234500023', 'DOCTOR', 'ACTIVE', 'doctor23', 23);
INSERT INTO public.accounts (id, created_at, deleted_at, updated_at, email, password, phone, role, account_status, username, user_id) VALUES (24, '2024-11-07 06:13:03.442167', NULL, '2024-11-07 06:13:03.442167', 'doctor24@example.com', '$2a$10$weAZH9drOjOBc6DP25/wGO1bpNLaisIarm6M/zY2SUr9JwL07Ffcq', '1234500024', 'DOCTOR', 'ACTIVE', 'doctor24', 24);
INSERT INTO public.accounts (id, created_at, deleted_at, updated_at, email, password, phone, role, account_status, username, user_id) VALUES (25, '2024-11-07 06:13:03.442167', NULL, '2024-11-07 06:13:03.442167', 'doctor25@example.com', '$2a$10$weAZH9drOjOBc6DP25/wGO1bpNLaisIarm6M/zY2SUr9JwL07Ffcq', '1234500025', 'DOCTOR', 'ACTIVE', 'doctor25', 25);
INSERT INTO public.accounts (id, created_at, deleted_at, updated_at, email, password, phone, role, account_status, username, user_id) VALUES (26, '2024-11-07 06:13:03.442167', NULL, '2024-11-07 06:13:03.442167', 'doctor26@example.com', '$2a$10$weAZH9drOjOBc6DP25/wGO1bpNLaisIarm6M/zY2SUr9JwL07Ffcq', '1234500026', 'DOCTOR', 'ACTIVE', 'doctor26', 26);
INSERT INTO public.accounts (id, created_at, deleted_at, updated_at, email, password, phone, role, account_status, username, user_id) VALUES (27, '2024-11-07 06:13:03.442167', NULL, '2024-11-07 06:13:03.442167', 'doctor27@example.com', '$2a$10$weAZH9drOjOBc6DP25/wGO1bpNLaisIarm6M/zY2SUr9JwL07Ffcq', '1234500027', 'DOCTOR', 'ACTIVE', 'doctor27', 27);
INSERT INTO public.accounts (id, created_at, deleted_at, updated_at, email, password, phone, role, account_status, username, user_id) VALUES (28, '2024-11-07 06:13:03.442167', NULL, '2024-11-07 06:13:03.442167', 'doctor28@example.com', '$2a$10$weAZH9drOjOBc6DP25/wGO1bpNLaisIarm6M/zY2SUr9JwL07Ffcq', '1234500028', 'DOCTOR', 'ACTIVE', 'doctor28', 28);
INSERT INTO public.accounts (id, created_at, deleted_at, updated_at, email, password, phone, role, account_status, username, user_id) VALUES (29, '2024-11-07 06:13:03.442167', NULL, '2024-11-07 06:13:03.442167', 'doctor29@example.com', '$2a$10$weAZH9drOjOBc6DP25/wGO1bpNLaisIarm6M/zY2SUr9JwL07Ffcq', '1234500029', 'DOCTOR', 'ACTIVE', 'doctor29', 29);
INSERT INTO public.accounts (id, created_at, deleted_at, updated_at, email, password, phone, role, account_status, username, user_id) VALUES (30, '2024-11-07 06:13:03.442167', NULL, '2024-11-07 06:13:03.442167', 'doctor30@example.com', '$2a$10$weAZH9drOjOBc6DP25/wGO1bpNLaisIarm6M/zY2SUr9JwL07Ffcq', '1234500030', 'DOCTOR', 'ACTIVE', 'doctor30', 30);
INSERT INTO public.accounts (id, created_at, deleted_at, updated_at, email, password, phone, role, account_status, username, user_id) VALUES (31, '2024-11-07 06:13:03.442167', NULL, '2024-11-07 06:13:03.442167', 'doctor31@example.com', '$2a$10$weAZH9drOjOBc6DP25/wGO1bpNLaisIarm6M/zY2SUr9JwL07Ffcq', '1234500031', 'DOCTOR', 'ACTIVE', 'doctor31', 31);
INSERT INTO public.accounts (id, created_at, deleted_at, updated_at, email, password, phone, role, account_status, username, user_id) VALUES (32, '2024-11-07 06:13:03.442167', NULL, '2024-11-07 06:13:03.442167', 'doctor32@example.com', '$2a$10$weAZH9drOjOBc6DP25/wGO1bpNLaisIarm6M/zY2SUr9JwL07Ffcq', '1234500032', 'DOCTOR', 'ACTIVE', 'doctor32', 32);
INSERT INTO public.accounts (id, created_at, deleted_at, updated_at, email, password, phone, role, account_status, username, user_id) VALUES (33, '2024-11-07 06:13:03.442167', NULL, '2024-11-07 06:13:03.442167', 'doctor33@example.com', '$2a$10$weAZH9drOjOBc6DP25/wGO1bpNLaisIarm6M/zY2SUr9JwL07Ffcq', '1234500033', 'DOCTOR', 'ACTIVE', 'doctor33', 33);
INSERT INTO public.accounts (id, created_at, deleted_at, updated_at, email, password, phone, role, account_status, username, user_id) VALUES (34, '2024-11-07 06:13:03.442167', NULL, '2024-11-07 06:13:03.442167', 'doctor34@example.com', '$2a$10$weAZH9drOjOBc6DP25/wGO1bpNLaisIarm6M/zY2SUr9JwL07Ffcq', '1234500034', 'DOCTOR', 'ACTIVE', 'doctor34', 34);


--
-- Data for Name: addresses; Type: TABLE DATA; Schema: public; Owner: postgres
--

INSERT INTO public.addresses (id, created_at, deleted_at, updated_at, address_line1, address_line2, city, country, is_default, postal_code, region, street_number, unit_number, user_id) VALUES (1, '2024-11-05 11:07:04.549905', NULL, '2024-11-05 11:07:04.549905', '123 Elm Street', NULL, 'Hanoi', 'Vietnam', 1, '100000', 'Hanoi', '123', 'A', 1);
INSERT INTO public.addresses (id, created_at, deleted_at, updated_at, address_line1, address_line2, city, country, is_default, postal_code, region, street_number, unit_number, user_id) VALUES (2, '2024-11-05 11:07:04.549905', NULL, '2024-11-05 11:07:04.549905', '456 Maple Avenue', NULL, 'Da Nang', 'Vietnam', 0, '550000', 'Da Nang', '456', 'B', 2);
INSERT INTO public.addresses (id, created_at, deleted_at, updated_at, address_line1, address_line2, city, country, is_default, postal_code, region, street_number, unit_number, user_id) VALUES (3, '2024-11-05 11:07:04.549905', NULL, '2024-11-05 11:07:04.549905','201B Nguyễn Chí Thanh', 'Quận 5', 'Ho Chi Minh City', 'Vietnam',1, '700000', 'HCMC', '201B', 'A', NULL);
INSERT INTO public.addresses (id, created_at, deleted_at, updated_at, address_line1, address_line2, city, country, is_default, postal_code, region, street_number, unit_number, user_id) VALUES (4, '2024-11-05 11:07:04.549905', NULL, '2024-11-05 11:07:04.549905','78 Giải Phóng', 'Đống Đa', 'Ha Noi', 'Vietnam',0, '100000', 'HN', '78', 'B', NULL);
INSERT INTO public.addresses (id, created_at, deleted_at, updated_at, address_line1, address_line2, city, country, is_default, postal_code, region, street_number, unit_number, user_id) VALUES (5, '2024-11-05 11:07:04.549905', NULL, '2024-11-05 11:07:04.549905', '202 Cedar Boulevard', NULL, 'Hai Phong', 'Vietnam', 1, '180000', 'Hai Phong', '202', 'E', 3);

--
-- Data for Name: health_providers; Type: TABLE DATA; Schema: public; Owner: postgres
--

INSERT INTO public.health_providers (id, created_at, deleted_at, updated_at, description, name, address_id) VALUES (1, '2024-11-05 11:08:03.826476', NULL, '2024-11-05 11:08:03.826476', 'Health provider specializing in cardiology', 'Heart Center', 3);
INSERT INTO public.health_providers (id, created_at, deleted_at, updated_at, description, name, address_id) VALUES (2, '2024-11-05 11:08:03.826476', NULL, '2024-11-05 11:08:03.826476', 'General health services provider', 'General Clinic', 4);

--
-- Data for Name: doctors; Type: TABLE DATA; Schema: public; Owner: postgres
--

INSERT INTO public.doctors (id, created_at, deleted_at, updated_at, about, experience, qualification, rating, specialization, health_provider_id, user_id) VALUES (15, '2024-11-07 06:23:47.133639', NULL, '2024-11-07 06:23:47.133639', 'Pediatrician with a passion for child care.', 5.2, 'MBBS', 3.2, 'PEDIATRICIAN', 1, 15);
INSERT INTO public.doctors (id, created_at, deleted_at, updated_at, about, experience, qualification, rating, specialization, health_provider_id, user_id) VALUES (16, '2024-11-07 06:23:47.133639', NULL, '2024-11-07 06:23:47.133639', 'Pediatrician with a passion for child care.', 6.5, 'MD, Cardiology', 3.7, 'PEDIATRICIAN', 2, 16);
INSERT INTO public.doctors (id, created_at, deleted_at, updated_at, about, experience, qualification, rating, specialization, health_provider_id, user_id) VALUES (17, '2024-11-07 06:23:47.133639', NULL, '2024-11-07 06:23:47.133639', 'Pediatrician with a passion for child care.', 9.8, 'MD, Pediatrics', 4.1, 'PEDIATRICIAN', 1, 17);
INSERT INTO public.doctors (id, created_at, deleted_at, updated_at, about, experience, qualification, rating, specialization, health_provider_id, user_id) VALUES (18, '2024-11-07 06:23:47.133639', NULL, '2024-11-07 06:23:47.133639', 'Pediatrician with a passion for child care.', 10.1, 'MD, Neurology', 3.5, 'PEDIATRICIAN', 2, 18);
INSERT INTO public.doctors (id, created_at, deleted_at, updated_at, about, experience, qualification, rating, specialization, health_provider_id, user_id) VALUES (19, '2024-11-07 06:23:47.133639', NULL, '2024-11-07 06:23:47.133639', 'Pediatrician with a passion for child care.', 8.4, 'MBBS', 4, 'PEDIATRICIAN', 1, 19);
INSERT INTO public.doctors (id, created_at, deleted_at, updated_at, about, experience, qualification, rating, specialization, health_provider_id, user_id) VALUES (20, '2024-11-07 06:23:47.133639', NULL, '2024-11-07 06:23:47.133639', 'Pediatrician with a passion for child care.', 7.5, 'MD, Cardiology', 3.8, 'PEDIATRICIAN', 2, 20);
INSERT INTO public.doctors (id, created_at, deleted_at, updated_at, about, experience, qualification, rating, specialization, health_provider_id, user_id) VALUES (21, '2024-11-07 06:23:47.133639', NULL, '2024-11-07 06:23:47.133639', 'Pediatrician with a passion for child care.', 6, 'MD, Pediatrics', 3.6, 'PEDIATRICIAN', 1, 21);
INSERT INTO public.doctors (id, created_at, deleted_at, updated_at, about, experience, qualification, rating, specialization, health_provider_id, user_id) VALUES (22, '2024-11-07 06:23:47.133639', NULL, '2024-11-07 06:23:47.133639', 'Dietician focused on clinical nutrition and dietary advice.', 12.3, 'MD, Neurology', 4.3, 'DIETICIAN', 2, 22);
INSERT INTO public.doctors (id, created_at, deleted_at, updated_at, about, experience, qualification, rating, specialization, health_provider_id, user_id) VALUES (23, '2024-11-07 06:23:47.133639', NULL, '2024-11-07 06:23:47.133639', 'Dietician focused on clinical nutrition and dietary advice.', 10.8, 'MBBS', 4, 'DIETICIAN', 1, 23);
INSERT INTO public.doctors (id, created_at, deleted_at, updated_at, about, experience, qualification, rating, specialization, health_provider_id, user_id) VALUES (24, '2024-11-07 06:23:47.133639', NULL, '2024-11-07 06:23:47.133639', 'Dietician focused on clinical nutrition and dietary advice.', 5.6, 'MD, Cardiology', 3.4, 'DIETICIAN', 2, 24);
INSERT INTO public.doctors (id, created_at, deleted_at, updated_at, about, experience, qualification, rating, specialization, health_provider_id, user_id) VALUES (25, '2024-11-07 06:23:47.133639', NULL, '2024-11-07 06:23:47.133639', 'Dietician focused on clinical nutrition and dietary advice.', 7, 'MD, Pediatrics', 3.9, 'DIETICIAN', 1, 25);
INSERT INTO public.doctors (id, created_at, deleted_at, updated_at, about, experience, qualification, rating, specialization, health_provider_id, user_id) VALUES (26, '2024-11-07 06:23:47.133639', NULL, '2024-11-07 06:23:47.133639', 'Dietician focused on clinical nutrition and dietary advice.', 4.9, 'MD, Neurology', 3.5, 'DIETICIAN', 2, 26);
INSERT INTO public.doctors (id, created_at, deleted_at, updated_at, about, experience, qualification, rating, specialization, health_provider_id, user_id) VALUES (27, '2024-11-07 06:23:47.133639', NULL, '2024-11-07 06:23:47.133639', 'Dietician focused on clinical nutrition and dietary advice.', 15, 'MBBS', 4.2, 'DIETICIAN', 1, 27);
INSERT INTO public.doctors (id, created_at, deleted_at, updated_at, about, experience, qualification, rating, specialization, health_provider_id, user_id) VALUES (28, '2024-11-07 06:23:47.133639', NULL, '2024-11-07 06:23:47.133639', 'Dietician focused on clinical nutrition and dietary advice.', 5.8, 'MD, Cardiology', 3.3, 'DIETICIAN', 2, 28);
INSERT INTO public.doctors (id, created_at, deleted_at, updated_at, about, experience, qualification, rating, specialization, health_provider_id, user_id) VALUES (1, '2024-11-05 11:08:08.854083', NULL, '2024-11-05 11:08:08.854083', 'Renowned neurologist specializing in neurodegenerative diseases.', 10.5, 'MD, Cardiology', 4.8, 'NEUROLOGIST', 1, 2);
INSERT INTO public.doctors (id, created_at, deleted_at, updated_at, about, experience, qualification, rating, specialization, health_provider_id, user_id) VALUES (2, '2024-11-05 11:08:08.854083', NULL, '2024-11-05 11:08:08.854083', 'Renowned neurologist specializing in neurodegenerative diseases.', 8.2, 'MD, Pediatrics', 4.6, 'NEUROLOGIST', 2, 4);
INSERT INTO public.doctors (id, created_at, deleted_at, updated_at, about, experience, qualification, rating, specialization, health_provider_id, user_id) VALUES (3, '2024-11-05 11:33:03.253979', NULL, '2024-11-05 11:33:03.253979', 'Renowned neurologist specializing in neurodegenerative diseases.', 12, 'MD, Orthopedics', 4.7, 'NEUROLOGIST', 1, 6);
INSERT INTO public.doctors (id, created_at, deleted_at, updated_at, about, experience, qualification, rating, specialization, health_provider_id, user_id) VALUES (4, '2024-11-05 11:33:03.253979', NULL, '2024-11-05 11:33:03.253979', 'Renowned neurologist specializing in neurodegenerative diseases.', 15.3, 'MD, Neurology', 4.9, 'NEUROLOGIST', 2, 8);
INSERT INTO public.doctors (id, created_at, deleted_at, updated_at, about, experience, qualification, rating, specialization, health_provider_id, user_id) VALUES (5, '2024-11-05 11:33:03.253979', NULL, '2024-11-05 11:33:03.253979', 'Renowned neurologist specializing in neurodegenerative diseases.', 7.1, 'MD, Gastroenterology', 4.5, 'NEUROLOGIST', 1, 10);
INSERT INTO public.doctors (id, created_at, deleted_at, updated_at, about, experience, qualification, rating, specialization, health_provider_id, user_id) VALUES (6, '2024-11-05 11:33:03.253979', NULL, '2024-11-05 11:33:03.253979', 'Renowned neurologist specializing in neurodegenerative diseases.', 9.4, 'MD, Psychiatry', 4.4, 'NEUROLOGIST', 2, 12);
INSERT INTO public.doctors (id, created_at, deleted_at, updated_at, about, experience, qualification, rating, specialization, health_provider_id, user_id) VALUES (7, '2024-11-05 11:33:03.253979', NULL, '2024-11-05 11:33:03.253979', 'Renowned neurologist specializing in neurodegenerative diseases.', 11, 'MD, Pulmonology', 4.6, 'NEUROLOGIST', 1, 14);
INSERT INTO public.doctors (id, created_at, deleted_at, updated_at, about, experience, qualification, rating, specialization, health_provider_id, user_id) VALUES (29, '2024-11-07 06:23:47.133639', NULL, '2024-11-07 06:23:47.133639', 'Psychologist dedicated to cognitive behavioral therapy.', 4.3, 'MD, Pediatrics', 2.9, 'PSYCHOLOGIST', 1, 29);
INSERT INTO public.doctors (id, created_at, deleted_at, updated_at, about, experience, qualification, rating, specialization, health_provider_id, user_id) VALUES (30, '2024-11-07 06:23:47.133639', NULL, '2024-11-07 06:23:47.133639', 'Psychologist dedicated to cognitive behavioral therapy.', 9.2, 'MD, Neurology', 3.8, 'PSYCHOLOGIST', 2, 30);
INSERT INTO public.doctors (id, created_at, deleted_at, updated_at, about, experience, qualification, rating, specialization, health_provider_id, user_id) VALUES (31, '2024-11-07 06:23:47.133639', NULL, '2024-11-07 06:23:47.133639', 'Psychologist dedicated to cognitive behavioral therapy.', 10, 'MBBS', 4.1, 'PSYCHOLOGIST', 1, 31);
INSERT INTO public.doctors (id, created_at, deleted_at, updated_at, about, experience, qualification, rating, specialization, health_provider_id, user_id) VALUES (32, '2024-11-07 06:23:47.133639', NULL, '2024-11-07 06:23:47.133639', 'Psychologist dedicated to cognitive behavioral therapy.', 8.1, 'MD, Cardiology', 3.9, 'PSYCHOLOGIST', 2, 32);
INSERT INTO public.doctors (id, created_at, deleted_at, updated_at, about, experience, qualification, rating, specialization, health_provider_id, user_id) VALUES (33, '2024-11-07 06:23:47.133639', NULL, '2024-11-07 06:23:47.133639', 'Psychologist dedicated to cognitive behavioral therapy.', 7.4, 'MD, Pediatrics', 3.7, 'PSYCHOLOGIST', 1, 33);
INSERT INTO public.doctors (id, created_at, deleted_at, updated_at, about, experience, qualification, rating, specialization, health_provider_id, user_id) VALUES (34, '2024-11-07 06:23:47.133639', NULL, '2024-11-07 06:23:47.133639', 'Psychologist dedicated to cognitive behavioral therapy.', 6.9, 'MD, Neurology', 3.6, 'PSYCHOLOGIST', 2, 34);

--
-- Data for Name: appointment_records; Type: TABLE DATA; Schema: public; Owner: postgres
--

INSERT INTO public.appointment_records (id, created_at, deleted_at, updated_at, appointment_type, note, scheduled_at, status, doctor_id, health_provider_id, user_id, payment_status) VALUES (1, '2024-11-05 12:41:53.826392', NULL, '2024-11-05 12:41:53.826392', 'TELEMEDICINE', 'Follow-up consultation', '2024-11-15 01:00:00', 'PENDING', 1, 1, 1, 'INITIAL');
INSERT INTO public.appointment_records (id, created_at, deleted_at, updated_at, appointment_type, note, scheduled_at, status, doctor_id, health_provider_id, user_id, payment_status) VALUES (3, '2024-11-05 12:41:53.826392', NULL, '2024-11-05 12:41:53.826392', 'TELEMEDICINE', 'Review test results', '2024-11-17 02:00:00', 'COMPLETED', 3, 1,  5, 'INITIAL');
INSERT INTO public.appointment_records (id, created_at, deleted_at, updated_at, appointment_type, note, scheduled_at, status, doctor_id, health_provider_id, user_id, payment_status) VALUES (2, '2024-11-05 12:41:53.826392', NULL, '2024-11-05 12:41:53.826392', 'IN_PERSON', 'Initial checkup', '2024-11-16 03:00:00', 'SCHEDULED', 2, 2,  3, 'INITIAL');
INSERT INTO public.appointment_records (id, created_at, deleted_at, updated_at, appointment_type, note, scheduled_at, status, doctor_id, health_provider_id, user_id, payment_status) VALUES (4, '2024-11-05 12:41:53.826392', NULL, '2024-11-05 12:41:53.826392', 'IN_PERSON', 'Vaccination appointment', '2024-11-18 04:00:00', 'CANCELLED', 4, 2,  7, 'INITIAL');
INSERT INTO public.appointment_records (id, created_at, deleted_at, updated_at, appointment_type, note, scheduled_at, status, doctor_id, health_provider_id, user_id, payment_status) VALUES (5, '2024-11-05 12:41:53.826392', NULL, '2024-11-05 12:41:53.826392', 'TELEMEDICINE', 'Mental health check', '2024-11-19 05:00:00', 'PENDING', 5, 1,  9, 'INITIAL');
INSERT INTO public.appointment_records (id, created_at, deleted_at, updated_at, appointment_type, note, scheduled_at, status, doctor_id, health_provider_id, user_id, payment_status) VALUES (6, '2024-11-05 12:41:53.826392', NULL, '2024-11-05 12:41:53.826392', 'IN_PERSON', 'Annual physical exam', '2024-11-20 06:00:00', 'SCHEDULED', 6, 2,  11, 'INITIAL');
INSERT INTO public.appointment_records (id, created_at, deleted_at, updated_at, appointment_type, note, scheduled_at, status, doctor_id, health_provider_id, user_id, payment_status) VALUES (7, '2024-11-05 12:41:53.826392', NULL, '2024-11-05 12:41:53.826392', 'TELEMEDICINE', 'Consultation about medication', '2024-11-21 07:00:00', 'COMPLETED', 7, 1, 13, 'INITIAL');
INSERT INTO public.appointment_records (id, created_at, deleted_at, updated_at, appointment_type, note, scheduled_at, status, doctor_id, health_provider_id, user_id, payment_status) VALUES (8, '2024-11-05 12:41:53.826392', NULL, '2024-11-05 12:41:53.826392', 'IN_PERSON', 'Follow-up on treatment', '2024-11-22 08:00:00', 'PENDING', 1, 1, 1, 'INITIAL');
INSERT INTO public.appointment_records (id, created_at, deleted_at, updated_at, appointment_type, note, scheduled_at, status, doctor_id, health_provider_id, user_id, payment_status) VALUES (9, '2024-11-05 12:41:53.826392', NULL, '2024-11-05 12:41:53.826392', 'TELEMEDICINE', 'Discuss test results', '2024-11-23 09:00:00', 'SCHEDULED', 2, 2,  3, 'INITIAL');
INSERT INTO public.appointment_records (id, created_at, deleted_at, updated_at, appointment_type, note, scheduled_at, status, doctor_id, health_provider_id, user_id, payment_status) VALUES (10, '2024-11-05 12:41:53.826392', NULL, '2024-11-05 12:41:53.826392', 'IN_PERSON', 'Routine checkup', '2024-11-24 10:00:00', 'COMPLETED', 3, 1,  5, 'INITIAL');
INSERT INTO public.appointment_records (id, created_at, deleted_at, updated_at, appointment_type, note, scheduled_at, status, doctor_id, health_provider_id, user_id, payment_status) VALUES (11, '2024-11-05 12:41:53.826392', NULL, '2024-11-05 12:41:53.826392', 'TELEMEDICINE', 'Medication review', '2024-11-25 11:00:00', 'CANCELLED', 4, 2,  7, 'INITIAL');
INSERT INTO public.appointment_records (id, created_at, deleted_at, updated_at, appointment_type, note, scheduled_at, status, doctor_id, health_provider_id, user_id, payment_status) VALUES (12, '2024-11-05 12:41:53.826392', NULL, '2024-11-05 12:41:53.826392', 'IN_PERSON', 'Health screening', '2024-11-26 12:00:00', 'PENDING', 5, 1, 9, 'INITIAL');
INSERT INTO public.appointment_records (id, created_at, deleted_at, updated_at, appointment_type, note, scheduled_at, status, doctor_id, health_provider_id, user_id, payment_status) VALUES (13, '2024-11-05 12:41:53.826392', NULL, '2024-11-05 12:41:53.826392', 'TELEMEDICINE', 'Lifestyle consultation', '2024-11-27 13:00:00', 'SCHEDULED', 6, 2,  11, 'INITIAL');
INSERT INTO public.appointment_records (id, created_at, deleted_at, updated_at, appointment_type, note, scheduled_at, status, doctor_id, health_provider_id, user_id, payment_status) VALUES (14, '2024-11-05 12:41:53.826392', NULL, '2024-11-05 12:41:53.826392', 'IN_PERSON', 'Post-operative check', '2024-11-28 14:00:00', 'COMPLETED', 7, 1, 13, 'INITIAL');
INSERT INTO public.appointment_records (id, created_at, deleted_at, updated_at, appointment_type, note, scheduled_at, status, doctor_id, health_provider_id, user_id, payment_status) VALUES (15, '2024-11-05 12:41:53.826392', NULL, '2024-11-05 12:41:53.826392', 'TELEMEDICINE', 'Follow-up appointment', '2024-11-29 15:00:00', 'PENDING', 1, 1, 1, 'INITIAL');


--
-- Data for Name: prescriptions; Type: TABLE DATA; Schema: public; Owner: postgres
--

INSERT INTO public.prescriptions (id, created_at, deleted_at, updated_at, diagnosis, notes, appointment_record_id) VALUES (1, '2024-11-05 12:52:53.104083', NULL, '2024-11-05 12:52:53.104083', 'Flu', 'Prescribed Tamiflu', 1);
INSERT INTO public.prescriptions (id, created_at, deleted_at, updated_at, diagnosis, notes, appointment_record_id) VALUES (2, '2024-11-05 12:52:53.104083', NULL, '2024-11-05 12:52:53.104083', 'Hypertension', 'Prescribed Amlodipine', 2);
INSERT INTO public.prescriptions (id, created_at, deleted_at, updated_at, diagnosis, notes, appointment_record_id) VALUES (3, '2024-11-05 12:52:53.104083', NULL, '2024-11-05 12:52:53.104083', 'Diabetes', 'Prescribed Metformin', 3);
INSERT INTO public.prescriptions (id, created_at, deleted_at, updated_at, diagnosis, notes, appointment_record_id) VALUES (4, '2024-11-05 12:52:53.104083', NULL, '2024-11-05 12:52:53.104083', 'Anxiety', 'Prescribed Sertraline', 4);
INSERT INTO public.prescriptions (id, created_at, deleted_at, updated_at, diagnosis, notes, appointment_record_id) VALUES (5, '2024-11-05 12:52:53.104083', NULL, '2024-11-05 12:52:53.104083', 'Headache', 'Prescribed Ibuprofen', 5);
INSERT INTO public.prescriptions (id, created_at, deleted_at, updated_at, diagnosis, notes, appointment_record_id) VALUES (6, '2024-11-05 12:52:53.104083', NULL, '2024-11-05 12:52:53.104083', 'Asthma', 'Prescribed Albuterol', 6);
INSERT INTO public.prescriptions (id, created_at, deleted_at, updated_at, diagnosis, notes, appointment_record_id) VALUES (7, '2024-11-05 12:52:53.104083', NULL, '2024-11-05 12:52:53.104083', 'Allergy', 'Prescribed Cetirizine', 7);
INSERT INTO public.prescriptions (id, created_at, deleted_at, updated_at, diagnosis, notes, appointment_record_id) VALUES (8, '2024-11-05 12:52:53.104083', NULL, '2024-11-05 12:52:53.104083', 'Infection', 'Prescribed Amoxicillin', 8);
INSERT INTO public.prescriptions (id, created_at, deleted_at, updated_at, diagnosis, notes, appointment_record_id) VALUES (9, '2024-11-05 12:52:53.104083', NULL, '2024-11-05 12:52:53.104083', 'Cold', 'Prescribed Pseudoephedrine', 9);
INSERT INTO public.prescriptions (id, created_at, deleted_at, updated_at, diagnosis, notes, appointment_record_id) VALUES (10, '2024-11-05 12:52:53.104083', NULL, '2024-11-05 12:52:53.104083', 'Nausea', 'Prescribed Ondansetron', 10);
INSERT INTO public.prescriptions (id, created_at, deleted_at, updated_at, diagnosis, notes, appointment_record_id) VALUES (11, '2024-11-05 12:52:53.104083', NULL, '2024-11-05 12:52:53.104083', 'Cough', 'Prescribed Dextromethorphan', 11);
INSERT INTO public.prescriptions (id, created_at, deleted_at, updated_at, diagnosis, notes, appointment_record_id) VALUES (12, '2024-11-05 12:52:53.104083', NULL, '2024-11-05 12:52:53.104083', 'Pain', 'Prescribed Acetaminophen', 12);
INSERT INTO public.prescriptions (id, created_at, deleted_at, updated_at, diagnosis, notes, appointment_record_id) VALUES (13, '2024-11-05 12:52:53.104083', NULL, '2024-11-05 12:52:53.104083', 'Stomach upset', 'Prescribed Omeprazole', 13);
INSERT INTO public.prescriptions (id, created_at, deleted_at, updated_at, diagnosis, notes, appointment_record_id) VALUES (14, '2024-11-05 12:52:53.104083', NULL, '2024-11-05 12:52:53.104083', 'Skin rash', 'Prescribed Hydrocortisone', 14);
INSERT INTO public.prescriptions (id, created_at, deleted_at, updated_at, diagnosis, notes, appointment_record_id) VALUES (15, '2024-11-05 12:52:53.104083', NULL, '2024-11-05 12:52:53.104083', 'Fungal infection', 'Prescribed Clotrimazole', 15);


--
-- Data for Name: articles; Type: TABLE DATA; Schema: public; Owner: postgres
--

INSERT INTO public.articles (id, created_at, deleted_at, updated_at, category, comment_count, content, down_vote_count, status, title, up_vote_count, view_count, user_id) VALUES (1, '2024-11-05 13:06:26.16581', NULL, '2024-11-05 13:06:26.16581', 'FITNESS', 0, '5 effective exercises to build muscle.', 0, 'PUBLISHED', 'Build Muscle', 0, 0, 1);
INSERT INTO public.articles (id, created_at, deleted_at, updated_at, category, comment_count, content, down_vote_count, status, title, up_vote_count, view_count, user_id) VALUES (2, '2024-11-05 13:06:26.16581', NULL, '2024-11-05 13:06:26.16581', 'FITNESS', 0, 'Understanding the benefits of cardio workouts.', 0, 'PUBLISHED', 'Cardio Benefits', 0, 0, 1);
INSERT INTO public.articles (id, created_at, deleted_at, updated_at, category, comment_count, content, down_vote_count, status, title, up_vote_count, view_count, user_id) VALUES (3, '2024-11-05 13:06:26.16581', NULL, '2024-11-05 13:06:26.16581', 'NUTRITION', 0, 'Healthy snacks for weight loss.', 0, 'PUBLISHED', 'Healthy Snacks', 0, 0, 2);
INSERT INTO public.articles (id, created_at, deleted_at, updated_at, category, comment_count, content, down_vote_count, status, title, up_vote_count, view_count, user_id) VALUES (4, '2024-11-05 13:06:26.16581', NULL, '2024-11-05 13:06:26.16581', 'NUTRITION', 0, 'The importance of hydration.', 0, 'PUBLISHED', 'Stay Hydrated', 0, 0, 2);
INSERT INTO public.articles (id, created_at, deleted_at, updated_at, category, comment_count, content, down_vote_count, status, title, up_vote_count, view_count, user_id) VALUES (5, '2024-11-05 13:06:26.16581', NULL, '2024-11-05 13:06:26.16581', 'MENTAL_HEALTH', 0, 'Techniques for managing stress effectively.', 0, 'PUBLISHED', 'Stress Management', 0, 0, 3);
INSERT INTO public.articles (id, created_at, deleted_at, updated_at, category, comment_count, content, down_vote_count, status, title, up_vote_count, view_count, user_id) VALUES (6, '2024-11-05 13:06:26.16581', NULL, '2024-11-05 13:06:26.16581', 'MENTAL_HEALTH', 0, 'The role of mindfulness in mental well-being.', 0, 'PUBLISHED', 'Mindfulness Matters', 0, 0, 3);
INSERT INTO public.articles (id, created_at, deleted_at, updated_at, category, comment_count, content, down_vote_count, status, title, up_vote_count, view_count, user_id) VALUES (7, '2024-11-05 13:06:26.16581', NULL, '2024-11-05 13:06:26.16581', 'LIFESTYLE', 0, 'Tips for a balanced lifestyle.', 0, 'PUBLISHED', 'Balanced Lifestyle', 0, 0, 4);
INSERT INTO public.articles (id, created_at, deleted_at, updated_at, category, comment_count, content, down_vote_count, status, title, up_vote_count, view_count, user_id) VALUES (8, '2024-11-05 13:06:26.16581', NULL, '2024-11-05 13:06:26.16581', 'LIFESTYLE', 0, 'How to create a morning routine.', 0, 'PUBLISHED', 'Morning Routine', 0, 0, 5);




--
-- Data for Name: article_media; Type: TABLE DATA; Schema: public; Owner: postgres
--

INSERT INTO public.article_media (id, created_at, deleted_at, updated_at, description, order_index, type, url, article_id) VALUES (1, '2024-11-05 13:08:13.348805', NULL, '2024-11-05 13:08:13.348805', 'Image of muscle-building exercises.', 1, 'IMAGE', 'https://example.com/muscle_building.jpg', 1);
INSERT INTO public.article_media (id, created_at, deleted_at, updated_at, description, order_index, type, url, article_id) VALUES (2, '2024-11-05 13:08:13.348805', NULL, '2024-11-05 13:08:13.348805', 'Video explaining cardio benefits.', 1, 'VIDEO', 'https://example.com/cardio_benefits.mp4', 2);
INSERT INTO public.article_media (id, created_at, deleted_at, updated_at, description, order_index, type, url, article_id) VALUES (3, '2024-11-05 13:08:13.348805', NULL, '2024-11-05 13:08:13.348805', 'Image of healthy snacks.', 1, 'IMAGE', 'https://example.com/healthy_snacks.jpg', 3);
INSERT INTO public.article_media (id, created_at, deleted_at, updated_at, description, order_index, type, url, article_id) VALUES (4, '2024-11-05 13:08:13.348805', NULL, '2024-11-05 13:08:13.348805', 'Audio clip on hydration importance.', 1, 'AUDIO', 'https://example.com/hydration_importance.mp3', 4);
INSERT INTO public.article_media (id, created_at, deleted_at, updated_at, description, order_index, type, url, article_id) VALUES (5, '2024-11-05 13:08:13.348805', NULL, '2024-11-05 13:08:13.348805', 'Image of stress management techniques.', 1, 'IMAGE', 'https://example.com/stress_management.jpg', 5);
INSERT INTO public.article_media (id, created_at, deleted_at, updated_at, description, order_index, type, url, article_id) VALUES (6, '2024-11-05 13:08:13.348805', NULL, '2024-11-05 13:08:13.348805', 'Video on mindfulness practices.', 1, 'VIDEO', 'https://example.com/mindfulness_practices.mp4', 6);
INSERT INTO public.article_media (id, created_at, deleted_at, updated_at, description, order_index, type, url, article_id) VALUES (7, '2024-11-05 13:08:13.348805', NULL, '2024-11-05 13:08:13.348805', 'Image illustrating a balanced lifestyle.', 1, 'IMAGE', 'https://example.com/balanced_lifestyle.jpg', 7);
INSERT INTO public.article_media (id, created_at, deleted_at, updated_at, description, order_index, type, url, article_id) VALUES (8, '2024-11-05 13:08:13.348805', NULL, '2024-11-05 13:08:13.348805', 'Video guide for creating a morning routine.', 1, 'VIDEO', 'https://example.com/morning_routine.mp4', 8);
INSERT INTO public.article_media (id, created_at, deleted_at, updated_at, description, order_index, type, url, article_id) VALUES (9, '2024-11-05 13:09:22.283832', NULL, '2024-11-05 13:09:22.283832', 'Image showing proper form for squats.', 2, 'IMAGE', 'https://example.com/squat_form.jpg', 1);
INSERT INTO public.article_media (id, created_at, deleted_at, updated_at, description, order_index, type, url, article_id) VALUES (10, '2024-11-05 13:09:22.283832', NULL, '2024-11-05 13:09:22.283832', 'Video tutorial on making a smoothie.', 2, 'VIDEO', 'https://example.com/smoothie_tutorial.mp4', 2);
INSERT INTO public.article_media (id, created_at, deleted_at, updated_at, description, order_index, type, url, article_id) VALUES (11, '2024-11-05 13:09:22.283832', NULL, '2024-11-05 13:09:22.283832', 'Audio discussion on nutrition myths.', 2, 'AUDIO', 'https://example.com/nutrition_myths.mp3', 3);



--
-- Data for Name: keys; Type: TABLE DATA; Schema: public; Owner: postgres
--

INSERT INTO public.keys (id, notification_key, private_key, public_key, refresh_token, version, user_id) VALUES (2, 'notification_2', 'MIIEuwIBADANBgkqhkiG9w0BAQEFAASCBKUwggShAgEAAoIBAQCsmjcIcDwA4bZk4AGne5gv9lzBl8y4oIv/r8LjObsJ03PG6KkgDinHDhdMOh3IZM6x1pZrcTvb2whVFgKwpkTAtrkTeXPHtxlCf4fPa9TvXqN2wrMR4h5m89ucsYYiNYhSKKPjoHOOVbpjSyPA57tOhSUc/s3OjvqasFhKrSmfzdJkeET3w9VZTzHNiBa8ESw9kX5il7Ld4lo0tw8XmT5DUopL4upAlgoHh6ZxxtemJ49iYMXSYg/U4lIhHITtYwrrQQ8hr0z81QVPPsmRPMCh8o3sm7nqUiHQZoWEtfjjxHhFa/DKpSrbtQJjQSoJhHg5tGKCUXj7YFcCKRgfoqVVAgMBAAECgf9S1FcVOU8bjIO93F3BGhFINwoq6ti+rCpPHUCo5c4+rOxDq3XcAxoFrBwN1MXWleuSadqi+jGgFXmOCxjioJs7OnJMcBRpZv/i5UL2Yd/q0sMsMtZSA1NJdSxuwSL/2tmRKEJ1TZKdg1TwxIvJ5lrftdj7UNy4UIcJIbsr00umWWNhTTXetPcf8PXcGwNkiz5bE6i7R0Iw3CC87Tz1f8ULpTx0TH/pusfpdN2uwKDENmjFFYRAXlxoK9MtfBwawtoEuonHtTGgWcgg830TLldSueJUZKldsbnAsMWops52npQCxJiHjivFqIJbQk7ae8VyDOlhCFI9OG0411FD/vMCgYEAuF0dKCjuZdcw+0Z2DV9DDKYMmBoiBhfxsAW5PlF7fvEZbG4DsgJDLjexOrU1EcSmthklFX4pE83DCSY6hhmTenS28w+L08vyhskvaUQeAzNckhG8F8IjAHnEFCja7tCxi+g03VJaeeDpFjfCHZrQxhvbojIQQO+tGEFfRqrY19MCgYEA76swEK1xnFA53q2Ewkupz49C5EbHKjeu2/nEG521JXmqNRvuMbTow8jmc6ane9YjXwIFQBdlwh0yYbJOX3o1sPRSMndKAeeJb0uhkkSl3lTH58Q6x7BdPGRzHPOtxsk6cGDpxLpPmpQZoTaQeTHbDFNro7XJozkYMLgjCYWFPTcCgYBmEkdeQKscfzODKtOZO7CnhBdc7rr/nKoWxlR1CC/TbDCjM5WgLFh9ciARXNnw6GtUTj+V0q9zY2wj2KJ2NBrOpWfU0jqcHEI+FYzGPwxOwVTzGhaFINq4HLJOZwAvUCO8TedW0Y1+BOOHhX9XXKtRw4KqHgWZrhirYSYaveQoOQKBgQDcoHAsyh2t0cSUEpQF8HUv1yey0N0DJiNX6QL4kSNyjh97qGyLYYhswwIyMJY5T5VcHpYKu/82xH3epa+0AOJwNVl9j4aXXjeMNslTxtISa2VjG6cosFgEAkxduIyeVBvx26UXLpOdLvyxBXPVvWlyXVDXcb9e/G4iW0AVwc433QKBgCpQRAzxuzFwkeWUhE8I7jxF9mJEtlW2NUBfeqqS5skLQNxXjHYQiRQZoCkox5OTcK6aM6/mLlq2u6hIUewNlynInmcHVWQ7z2xD4sXd1Vshko7ZetWBECUkKL/ZlK9YOKP8roHHuhzrstbXdWhpHE1m1jrUfGP2wz6TAcP4u1fO', 'MIIBIjANBgkqhkiG9w0BAQEFAAOCAQ8AMIIBCgKCAQEArJo3CHA8AOG2ZOABp3uYL/ZcwZfMuKCL/6/C4zm7CdNzxuipIA4pxw4XTDodyGTOsdaWa3E729sIVRYCsKZEwLa5E3lzx7cZQn+Hz2vU716jdsKzEeIeZvPbnLGGIjWIUiij46BzjlW6Y0sjwOe7ToUlHP7Nzo76mrBYSq0pn83SZHhE98PVWU8xzYgWvBEsPZF+Ypey3eJaNLcPF5k+Q1KKS+LqQJYKB4emccbXpiePYmDF0mIP1OJSIRyE7WMK60EPIa9M/NUFTz7JkTzAofKN7Ju56lIh0GaFhLX448R4RWvwyqUq27UCY0EqCYR4ObRiglF4+2BXAikYH6KlVQIDAQAB', NULL, 1, 2);
INSERT INTO public.keys (id, notification_key, private_key, public_key, refresh_token, version, user_id) VALUES (4, 'notification_4', 'MIIEuwIBADANBgkqhkiG9w0BAQEFAASCBKUwggShAgEAAoIBAQCsmjcIcDwA4bZk4AGne5gv9lzBl8y4oIv/r8LjObsJ03PG6KkgDinHDhdMOh3IZM6x1pZrcTvb2whVFgKwpkTAtrkTeXPHtxlCf4fPa9TvXqN2wrMR4h5m89ucsYYiNYhSKKPjoHOOVbpjSyPA57tOhSUc/s3OjvqasFhKrSmfzdJkeET3w9VZTzHNiBa8ESw9kX5il7Ld4lo0tw8XmT5DUopL4upAlgoHh6ZxxtemJ49iYMXSYg/U4lIhHITtYwrrQQ8hr0z81QVPPsmRPMCh8o3sm7nqUiHQZoWEtfjjxHhFa/DKpSrbtQJjQSoJhHg5tGKCUXj7YFcCKRgfoqVVAgMBAAECgf9S1FcVOU8bjIO93F3BGhFINwoq6ti+rCpPHUCo5c4+rOxDq3XcAxoFrBwN1MXWleuSadqi+jGgFXmOCxjioJs7OnJMcBRpZv/i5UL2Yd/q0sMsMtZSA1NJdSxuwSL/2tmRKEJ1TZKdg1TwxIvJ5lrftdj7UNy4UIcJIbsr00umWWNhTTXetPcf8PXcGwNkiz5bE6i7R0Iw3CC87Tz1f8ULpTx0TH/pusfpdN2uwKDENmjFFYRAXlxoK9MtfBwawtoEuonHtTGgWcgg830TLldSueJUZKldsbnAsMWops52npQCxJiHjivFqIJbQk7ae8VyDOlhCFI9OG0411FD/vMCgYEAuF0dKCjuZdcw+0Z2DV9DDKYMmBoiBhfxsAW5PlF7fvEZbG4DsgJDLjexOrU1EcSmthklFX4pE83DCSY6hhmTenS28w+L08vyhskvaUQeAzNckhG8F8IjAHnEFCja7tCxi+g03VJaeeDpFjfCHZrQxhvbojIQQO+tGEFfRqrY19MCgYEA76swEK1xnFA53q2Ewkupz49C5EbHKjeu2/nEG521JXmqNRvuMbTow8jmc6ane9YjXwIFQBdlwh0yYbJOX3o1sPRSMndKAeeJb0uhkkSl3lTH58Q6x7BdPGRzHPOtxsk6cGDpxLpPmpQZoTaQeTHbDFNro7XJozkYMLgjCYWFPTcCgYBmEkdeQKscfzODKtOZO7CnhBdc7rr/nKoWxlR1CC/TbDCjM5WgLFh9ciARXNnw6GtUTj+V0q9zY2wj2KJ2NBrOpWfU0jqcHEI+FYzGPwxOwVTzGhaFINq4HLJOZwAvUCO8TedW0Y1+BOOHhX9XXKtRw4KqHgWZrhirYSYaveQoOQKBgQDcoHAsyh2t0cSUEpQF8HUv1yey0N0DJiNX6QL4kSNyjh97qGyLYYhswwIyMJY5T5VcHpYKu/82xH3epa+0AOJwNVl9j4aXXjeMNslTxtISa2VjG6cosFgEAkxduIyeVBvx26UXLpOdLvyxBXPVvWlyXVDXcb9e/G4iW0AVwc433QKBgCpQRAzxuzFwkeWUhE8I7jxF9mJEtlW2NUBfeqqS5skLQNxXjHYQiRQZoCkox5OTcK6aM6/mLlq2u6hIUewNlynInmcHVWQ7z2xD4sXd1Vshko7ZetWBECUkKL/ZlK9YOKP8roHHuhzrstbXdWhpHE1m1jrUfGP2wz6TAcP4u1fO', 'MIIBIjANBgkqhkiG9w0BAQEFAAOCAQ8AMIIBCgKCAQEArJo3CHA8AOG2ZOABp3uYL/ZcwZfMuKCL/6/C4zm7CdNzxuipIA4pxw4XTDodyGTOsdaWa3E729sIVRYCsKZEwLa5E3lzx7cZQn+Hz2vU716jdsKzEeIeZvPbnLGGIjWIUiij46BzjlW6Y0sjwOe7ToUlHP7Nzo76mrBYSq0pn83SZHhE98PVWU8xzYgWvBEsPZF+Ypey3eJaNLcPF5k+Q1KKS+LqQJYKB4emccbXpiePYmDF0mIP1OJSIRyE7WMK60EPIa9M/NUFTz7JkTzAofKN7Ju56lIh0GaFhLX448R4RWvwyqUq27UCY0EqCYR4ObRiglF4+2BXAikYH6KlVQIDAQAB', NULL, 1, 4);
INSERT INTO public.keys (id, notification_key, private_key, public_key, refresh_token, version, user_id) VALUES (5, 'notification_5', 'MIIEuwIBADANBgkqhkiG9w0BAQEFAASCBKUwggShAgEAAoIBAQCsmjcIcDwA4bZk4AGne5gv9lzBl8y4oIv/r8LjObsJ03PG6KkgDinHDhdMOh3IZM6x1pZrcTvb2whVFgKwpkTAtrkTeXPHtxlCf4fPa9TvXqN2wrMR4h5m89ucsYYiNYhSKKPjoHOOVbpjSyPA57tOhSUc/s3OjvqasFhKrSmfzdJkeET3w9VZTzHNiBa8ESw9kX5il7Ld4lo0tw8XmT5DUopL4upAlgoHh6ZxxtemJ49iYMXSYg/U4lIhHITtYwrrQQ8hr0z81QVPPsmRPMCh8o3sm7nqUiHQZoWEtfjjxHhFa/DKpSrbtQJjQSoJhHg5tGKCUXj7YFcCKRgfoqVVAgMBAAECgf9S1FcVOU8bjIO93F3BGhFINwoq6ti+rCpPHUCo5c4+rOxDq3XcAxoFrBwN1MXWleuSadqi+jGgFXmOCxjioJs7OnJMcBRpZv/i5UL2Yd/q0sMsMtZSA1NJdSxuwSL/2tmRKEJ1TZKdg1TwxIvJ5lrftdj7UNy4UIcJIbsr00umWWNhTTXetPcf8PXcGwNkiz5bE6i7R0Iw3CC87Tz1f8ULpTx0TH/pusfpdN2uwKDENmjFFYRAXlxoK9MtfBwawtoEuonHtTGgWcgg830TLldSueJUZKldsbnAsMWops52npQCxJiHjivFqIJbQk7ae8VyDOlhCFI9OG0411FD/vMCgYEAuF0dKCjuZdcw+0Z2DV9DDKYMmBoiBhfxsAW5PlF7fvEZbG4DsgJDLjexOrU1EcSmthklFX4pE83DCSY6hhmTenS28w+L08vyhskvaUQeAzNckhG8F8IjAHnEFCja7tCxi+g03VJaeeDpFjfCHZrQxhvbojIQQO+tGEFfRqrY19MCgYEA76swEK1xnFA53q2Ewkupz49C5EbHKjeu2/nEG521JXmqNRvuMbTow8jmc6ane9YjXwIFQBdlwh0yYbJOX3o1sPRSMndKAeeJb0uhkkSl3lTH58Q6x7BdPGRzHPOtxsk6cGDpxLpPmpQZoTaQeTHbDFNro7XJozkYMLgjCYWFPTcCgYBmEkdeQKscfzODKtOZO7CnhBdc7rr/nKoWxlR1CC/TbDCjM5WgLFh9ciARXNnw6GtUTj+V0q9zY2wj2KJ2NBrOpWfU0jqcHEI+FYzGPwxOwVTzGhaFINq4HLJOZwAvUCO8TedW0Y1+BOOHhX9XXKtRw4KqHgWZrhirYSYaveQoOQKBgQDcoHAsyh2t0cSUEpQF8HUv1yey0N0DJiNX6QL4kSNyjh97qGyLYYhswwIyMJY5T5VcHpYKu/82xH3epa+0AOJwNVl9j4aXXjeMNslTxtISa2VjG6cosFgEAkxduIyeVBvx26UXLpOdLvyxBXPVvWlyXVDXcb9e/G4iW0AVwc433QKBgCpQRAzxuzFwkeWUhE8I7jxF9mJEtlW2NUBfeqqS5skLQNxXjHYQiRQZoCkox5OTcK6aM6/mLlq2u6hIUewNlynInmcHVWQ7z2xD4sXd1Vshko7ZetWBECUkKL/ZlK9YOKP8roHHuhzrstbXdWhpHE1m1jrUfGP2wz6TAcP4u1fO', 'MIIBIjANBgkqhkiG9w0BAQEFAAOCAQ8AMIIBCgKCAQEArJo3CHA8AOG2ZOABp3uYL/ZcwZfMuKCL/6/C4zm7CdNzxuipIA4pxw4XTDodyGTOsdaWa3E729sIVRYCsKZEwLa5E3lzx7cZQn+Hz2vU716jdsKzEeIeZvPbnLGGIjWIUiij46BzjlW6Y0sjwOe7ToUlHP7Nzo76mrBYSq0pn83SZHhE98PVWU8xzYgWvBEsPZF+Ypey3eJaNLcPF5k+Q1KKS+LqQJYKB4emccbXpiePYmDF0mIP1OJSIRyE7WMK60EPIa9M/NUFTz7JkTzAofKN7Ju56lIh0GaFhLX448R4RWvwyqUq27UCY0EqCYR4ObRiglF4+2BXAikYH6KlVQIDAQAB', NULL, 1, 5);
INSERT INTO public.keys (id, notification_key, private_key, public_key, refresh_token, version, user_id) VALUES (6, 'notification_6', 'MIIEuwIBADANBgkqhkiG9w0BAQEFAASCBKUwggShAgEAAoIBAQCsmjcIcDwA4bZk4AGne5gv9lzBl8y4oIv/r8LjObsJ03PG6KkgDinHDhdMOh3IZM6x1pZrcTvb2whVFgKwpkTAtrkTeXPHtxlCf4fPa9TvXqN2wrMR4h5m89ucsYYiNYhSKKPjoHOOVbpjSyPA57tOhSUc/s3OjvqasFhKrSmfzdJkeET3w9VZTzHNiBa8ESw9kX5il7Ld4lo0tw8XmT5DUopL4upAlgoHh6ZxxtemJ49iYMXSYg/U4lIhHITtYwrrQQ8hr0z81QVPPsmRPMCh8o3sm7nqUiHQZoWEtfjjxHhFa/DKpSrbtQJjQSoJhHg5tGKCUXj7YFcCKRgfoqVVAgMBAAECgf9S1FcVOU8bjIO93F3BGhFINwoq6ti+rCpPHUCo5c4+rOxDq3XcAxoFrBwN1MXWleuSadqi+jGgFXmOCxjioJs7OnJMcBRpZv/i5UL2Yd/q0sMsMtZSA1NJdSxuwSL/2tmRKEJ1TZKdg1TwxIvJ5lrftdj7UNy4UIcJIbsr00umWWNhTTXetPcf8PXcGwNkiz5bE6i7R0Iw3CC87Tz1f8ULpTx0TH/pusfpdN2uwKDENmjFFYRAXlxoK9MtfBwawtoEuonHtTGgWcgg830TLldSueJUZKldsbnAsMWops52npQCxJiHjivFqIJbQk7ae8VyDOlhCFI9OG0411FD/vMCgYEAuF0dKCjuZdcw+0Z2DV9DDKYMmBoiBhfxsAW5PlF7fvEZbG4DsgJDLjexOrU1EcSmthklFX4pE83DCSY6hhmTenS28w+L08vyhskvaUQeAzNckhG8F8IjAHnEFCja7tCxi+g03VJaeeDpFjfCHZrQxhvbojIQQO+tGEFfRqrY19MCgYEA76swEK1xnFA53q2Ewkupz49C5EbHKjeu2/nEG521JXmqNRvuMbTow8jmc6ane9YjXwIFQBdlwh0yYbJOX3o1sPRSMndKAeeJb0uhkkSl3lTH58Q6x7BdPGRzHPOtxsk6cGDpxLpPmpQZoTaQeTHbDFNro7XJozkYMLgjCYWFPTcCgYBmEkdeQKscfzODKtOZO7CnhBdc7rr/nKoWxlR1CC/TbDCjM5WgLFh9ciARXNnw6GtUTj+V0q9zY2wj2KJ2NBrOpWfU0jqcHEI+FYzGPwxOwVTzGhaFINq4HLJOZwAvUCO8TedW0Y1+BOOHhX9XXKtRw4KqHgWZrhirYSYaveQoOQKBgQDcoHAsyh2t0cSUEpQF8HUv1yey0N0DJiNX6QL4kSNyjh97qGyLYYhswwIyMJY5T5VcHpYKu/82xH3epa+0AOJwNVl9j4aXXjeMNslTxtISa2VjG6cosFgEAkxduIyeVBvx26UXLpOdLvyxBXPVvWlyXVDXcb9e/G4iW0AVwc433QKBgCpQRAzxuzFwkeWUhE8I7jxF9mJEtlW2NUBfeqqS5skLQNxXjHYQiRQZoCkox5OTcK6aM6/mLlq2u6hIUewNlynInmcHVWQ7z2xD4sXd1Vshko7ZetWBECUkKL/ZlK9YOKP8roHHuhzrstbXdWhpHE1m1jrUfGP2wz6TAcP4u1fO', 'MIIBIjANBgkqhkiG9w0BAQEFAAOCAQ8AMIIBCgKCAQEArJo3CHA8AOG2ZOABp3uYL/ZcwZfMuKCL/6/C4zm7CdNzxuipIA4pxw4XTDodyGTOsdaWa3E729sIVRYCsKZEwLa5E3lzx7cZQn+Hz2vU716jdsKzEeIeZvPbnLGGIjWIUiij46BzjlW6Y0sjwOe7ToUlHP7Nzo76mrBYSq0pn83SZHhE98PVWU8xzYgWvBEsPZF+Ypey3eJaNLcPF5k+Q1KKS+LqQJYKB4emccbXpiePYmDF0mIP1OJSIRyE7WMK60EPIa9M/NUFTz7JkTzAofKN7Ju56lIh0GaFhLX448R4RWvwyqUq27UCY0EqCYR4ObRiglF4+2BXAikYH6KlVQIDAQAB', NULL, 1, 6);
INSERT INTO public.keys (id, notification_key, private_key, public_key, refresh_token, version, user_id) VALUES (7, 'notification_7', 'MIIEuwIBADANBgkqhkiG9w0BAQEFAASCBKUwggShAgEAAoIBAQCsmjcIcDwA4bZk4AGne5gv9lzBl8y4oIv/r8LjObsJ03PG6KkgDinHDhdMOh3IZM6x1pZrcTvb2whVFgKwpkTAtrkTeXPHtxlCf4fPa9TvXqN2wrMR4h5m89ucsYYiNYhSKKPjoHOOVbpjSyPA57tOhSUc/s3OjvqasFhKrSmfzdJkeET3w9VZTzHNiBa8ESw9kX5il7Ld4lo0tw8XmT5DUopL4upAlgoHh6ZxxtemJ49iYMXSYg/U4lIhHITtYwrrQQ8hr0z81QVPPsmRPMCh8o3sm7nqUiHQZoWEtfjjxHhFa/DKpSrbtQJjQSoJhHg5tGKCUXj7YFcCKRgfoqVVAgMBAAECgf9S1FcVOU8bjIO93F3BGhFINwoq6ti+rCpPHUCo5c4+rOxDq3XcAxoFrBwN1MXWleuSadqi+jGgFXmOCxjioJs7OnJMcBRpZv/i5UL2Yd/q0sMsMtZSA1NJdSxuwSL/2tmRKEJ1TZKdg1TwxIvJ5lrftdj7UNy4UIcJIbsr00umWWNhTTXetPcf8PXcGwNkiz5bE6i7R0Iw3CC87Tz1f8ULpTx0TH/pusfpdN2uwKDENmjFFYRAXlxoK9MtfBwawtoEuonHtTGgWcgg830TLldSueJUZKldsbnAsMWops52npQCxJiHjivFqIJbQk7ae8VyDOlhCFI9OG0411FD/vMCgYEAuF0dKCjuZdcw+0Z2DV9DDKYMmBoiBhfxsAW5PlF7fvEZbG4DsgJDLjexOrU1EcSmthklFX4pE83DCSY6hhmTenS28w+L08vyhskvaUQeAzNckhG8F8IjAHnEFCja7tCxi+g03VJaeeDpFjfCHZrQxhvbojIQQO+tGEFfRqrY19MCgYEA76swEK1xnFA53q2Ewkupz49C5EbHKjeu2/nEG521JXmqNRvuMbTow8jmc6ane9YjXwIFQBdlwh0yYbJOX3o1sPRSMndKAeeJb0uhkkSl3lTH58Q6x7BdPGRzHPOtxsk6cGDpxLpPmpQZoTaQeTHbDFNro7XJozkYMLgjCYWFPTcCgYBmEkdeQKscfzODKtOZO7CnhBdc7rr/nKoWxlR1CC/TbDCjM5WgLFh9ciARXNnw6GtUTj+V0q9zY2wj2KJ2NBrOpWfU0jqcHEI+FYzGPwxOwVTzGhaFINq4HLJOZwAvUCO8TedW0Y1+BOOHhX9XXKtRw4KqHgWZrhirYSYaveQoOQKBgQDcoHAsyh2t0cSUEpQF8HUv1yey0N0DJiNX6QL4kSNyjh97qGyLYYhswwIyMJY5T5VcHpYKu/82xH3epa+0AOJwNVl9j4aXXjeMNslTxtISa2VjG6cosFgEAkxduIyeVBvx26UXLpOdLvyxBXPVvWlyXVDXcb9e/G4iW0AVwc433QKBgCpQRAzxuzFwkeWUhE8I7jxF9mJEtlW2NUBfeqqS5skLQNxXjHYQiRQZoCkox5OTcK6aM6/mLlq2u6hIUewNlynInmcHVWQ7z2xD4sXd1Vshko7ZetWBECUkKL/ZlK9YOKP8roHHuhzrstbXdWhpHE1m1jrUfGP2wz6TAcP4u1fO', 'MIIBIjANBgkqhkiG9w0BAQEFAAOCAQ8AMIIBCgKCAQEArJo3CHA8AOG2ZOABp3uYL/ZcwZfMuKCL/6/C4zm7CdNzxuipIA4pxw4XTDodyGTOsdaWa3E729sIVRYCsKZEwLa5E3lzx7cZQn+Hz2vU716jdsKzEeIeZvPbnLGGIjWIUiij46BzjlW6Y0sjwOe7ToUlHP7Nzo76mrBYSq0pn83SZHhE98PVWU8xzYgWvBEsPZF+Ypey3eJaNLcPF5k+Q1KKS+LqQJYKB4emccbXpiePYmDF0mIP1OJSIRyE7WMK60EPIa9M/NUFTz7JkTzAofKN7Ju56lIh0GaFhLX448R4RWvwyqUq27UCY0EqCYR4ObRiglF4+2BXAikYH6KlVQIDAQAB', NULL, 1, 7);
INSERT INTO public.keys (id, notification_key, private_key, public_key, refresh_token, version, user_id) VALUES (8, 'notification_8', 'MIIEuwIBADANBgkqhkiG9w0BAQEFAASCBKUwggShAgEAAoIBAQCsmjcIcDwA4bZk4AGne5gv9lzBl8y4oIv/r8LjObsJ03PG6KkgDinHDhdMOh3IZM6x1pZrcTvb2whVFgKwpkTAtrkTeXPHtxlCf4fPa9TvXqN2wrMR4h5m89ucsYYiNYhSKKPjoHOOVbpjSyPA57tOhSUc/s3OjvqasFhKrSmfzdJkeET3w9VZTzHNiBa8ESw9kX5il7Ld4lo0tw8XmT5DUopL4upAlgoHh6ZxxtemJ49iYMXSYg/U4lIhHITtYwrrQQ8hr0z81QVPPsmRPMCh8o3sm7nqUiHQZoWEtfjjxHhFa/DKpSrbtQJjQSoJhHg5tGKCUXj7YFcCKRgfoqVVAgMBAAECgf9S1FcVOU8bjIO93F3BGhFINwoq6ti+rCpPHUCo5c4+rOxDq3XcAxoFrBwN1MXWleuSadqi+jGgFXmOCxjioJs7OnJMcBRpZv/i5UL2Yd/q0sMsMtZSA1NJdSxuwSL/2tmRKEJ1TZKdg1TwxIvJ5lrftdj7UNy4UIcJIbsr00umWWNhTTXetPcf8PXcGwNkiz5bE6i7R0Iw3CC87Tz1f8ULpTx0TH/pusfpdN2uwKDENmjFFYRAXlxoK9MtfBwawtoEuonHtTGgWcgg830TLldSueJUZKldsbnAsMWops52npQCxJiHjivFqIJbQk7ae8VyDOlhCFI9OG0411FD/vMCgYEAuF0dKCjuZdcw+0Z2DV9DDKYMmBoiBhfxsAW5PlF7fvEZbG4DsgJDLjexOrU1EcSmthklFX4pE83DCSY6hhmTenS28w+L08vyhskvaUQeAzNckhG8F8IjAHnEFCja7tCxi+g03VJaeeDpFjfCHZrQxhvbojIQQO+tGEFfRqrY19MCgYEA76swEK1xnFA53q2Ewkupz49C5EbHKjeu2/nEG521JXmqNRvuMbTow8jmc6ane9YjXwIFQBdlwh0yYbJOX3o1sPRSMndKAeeJb0uhkkSl3lTH58Q6x7BdPGRzHPOtxsk6cGDpxLpPmpQZoTaQeTHbDFNro7XJozkYMLgjCYWFPTcCgYBmEkdeQKscfzODKtOZO7CnhBdc7rr/nKoWxlR1CC/TbDCjM5WgLFh9ciARXNnw6GtUTj+V0q9zY2wj2KJ2NBrOpWfU0jqcHEI+FYzGPwxOwVTzGhaFINq4HLJOZwAvUCO8TedW0Y1+BOOHhX9XXKtRw4KqHgWZrhirYSYaveQoOQKBgQDcoHAsyh2t0cSUEpQF8HUv1yey0N0DJiNX6QL4kSNyjh97qGyLYYhswwIyMJY5T5VcHpYKu/82xH3epa+0AOJwNVl9j4aXXjeMNslTxtISa2VjG6cosFgEAkxduIyeVBvx26UXLpOdLvyxBXPVvWlyXVDXcb9e/G4iW0AVwc433QKBgCpQRAzxuzFwkeWUhE8I7jxF9mJEtlW2NUBfeqqS5skLQNxXjHYQiRQZoCkox5OTcK6aM6/mLlq2u6hIUewNlynInmcHVWQ7z2xD4sXd1Vshko7ZetWBECUkKL/ZlK9YOKP8roHHuhzrstbXdWhpHE1m1jrUfGP2wz6TAcP4u1fO', 'MIIBIjANBgkqhkiG9w0BAQEFAAOCAQ8AMIIBCgKCAQEArJo3CHA8AOG2ZOABp3uYL/ZcwZfMuKCL/6/C4zm7CdNzxuipIA4pxw4XTDodyGTOsdaWa3E729sIVRYCsKZEwLa5E3lzx7cZQn+Hz2vU716jdsKzEeIeZvPbnLGGIjWIUiij46BzjlW6Y0sjwOe7ToUlHP7Nzo76mrBYSq0pn83SZHhE98PVWU8xzYgWvBEsPZF+Ypey3eJaNLcPF5k+Q1KKS+LqQJYKB4emccbXpiePYmDF0mIP1OJSIRyE7WMK60EPIa9M/NUFTz7JkTzAofKN7Ju56lIh0GaFhLX448R4RWvwyqUq27UCY0EqCYR4ObRiglF4+2BXAikYH6KlVQIDAQAB', NULL, 1, 8);
INSERT INTO public.keys (id, notification_key, private_key, public_key, refresh_token, version, user_id) VALUES (9, 'notification_9', 'MIIEuwIBADANBgkqhkiG9w0BAQEFAASCBKUwggShAgEAAoIBAQCsmjcIcDwA4bZk4AGne5gv9lzBl8y4oIv/r8LjObsJ03PG6KkgDinHDhdMOh3IZM6x1pZrcTvb2whVFgKwpkTAtrkTeXPHtxlCf4fPa9TvXqN2wrMR4h5m89ucsYYiNYhSKKPjoHOOVbpjSyPA57tOhSUc/s3OjvqasFhKrSmfzdJkeET3w9VZTzHNiBa8ESw9kX5il7Ld4lo0tw8XmT5DUopL4upAlgoHh6ZxxtemJ49iYMXSYg/U4lIhHITtYwrrQQ8hr0z81QVPPsmRPMCh8o3sm7nqUiHQZoWEtfjjxHhFa/DKpSrbtQJjQSoJhHg5tGKCUXj7YFcCKRgfoqVVAgMBAAECgf9S1FcVOU8bjIO93F3BGhFINwoq6ti+rCpPHUCo5c4+rOxDq3XcAxoFrBwN1MXWleuSadqi+jGgFXmOCxjioJs7OnJMcBRpZv/i5UL2Yd/q0sMsMtZSA1NJdSxuwSL/2tmRKEJ1TZKdg1TwxIvJ5lrftdj7UNy4UIcJIbsr00umWWNhTTXetPcf8PXcGwNkiz5bE6i7R0Iw3CC87Tz1f8ULpTx0TH/pusfpdN2uwKDENmjFFYRAXlxoK9MtfBwawtoEuonHtTGgWcgg830TLldSueJUZKldsbnAsMWops52npQCxJiHjivFqIJbQk7ae8VyDOlhCFI9OG0411FD/vMCgYEAuF0dKCjuZdcw+0Z2DV9DDKYMmBoiBhfxsAW5PlF7fvEZbG4DsgJDLjexOrU1EcSmthklFX4pE83DCSY6hhmTenS28w+L08vyhskvaUQeAzNckhG8F8IjAHnEFCja7tCxi+g03VJaeeDpFjfCHZrQxhvbojIQQO+tGEFfRqrY19MCgYEA76swEK1xnFA53q2Ewkupz49C5EbHKjeu2/nEG521JXmqNRvuMbTow8jmc6ane9YjXwIFQBdlwh0yYbJOX3o1sPRSMndKAeeJb0uhkkSl3lTH58Q6x7BdPGRzHPOtxsk6cGDpxLpPmpQZoTaQeTHbDFNro7XJozkYMLgjCYWFPTcCgYBmEkdeQKscfzODKtOZO7CnhBdc7rr/nKoWxlR1CC/TbDCjM5WgLFh9ciARXNnw6GtUTj+V0q9zY2wj2KJ2NBrOpWfU0jqcHEI+FYzGPwxOwVTzGhaFINq4HLJOZwAvUCO8TedW0Y1+BOOHhX9XXKtRw4KqHgWZrhirYSYaveQoOQKBgQDcoHAsyh2t0cSUEpQF8HUv1yey0N0DJiNX6QL4kSNyjh97qGyLYYhswwIyMJY5T5VcHpYKu/82xH3epa+0AOJwNVl9j4aXXjeMNslTxtISa2VjG6cosFgEAkxduIyeVBvx26UXLpOdLvyxBXPVvWlyXVDXcb9e/G4iW0AVwc433QKBgCpQRAzxuzFwkeWUhE8I7jxF9mJEtlW2NUBfeqqS5skLQNxXjHYQiRQZoCkox5OTcK6aM6/mLlq2u6hIUewNlynInmcHVWQ7z2xD4sXd1Vshko7ZetWBECUkKL/ZlK9YOKP8roHHuhzrstbXdWhpHE1m1jrUfGP2wz6TAcP4u1fO', 'MIIBIjANBgkqhkiG9w0BAQEFAAOCAQ8AMIIBCgKCAQEArJo3CHA8AOG2ZOABp3uYL/ZcwZfMuKCL/6/C4zm7CdNzxuipIA4pxw4XTDodyGTOsdaWa3E729sIVRYCsKZEwLa5E3lzx7cZQn+Hz2vU716jdsKzEeIeZvPbnLGGIjWIUiij46BzjlW6Y0sjwOe7ToUlHP7Nzo76mrBYSq0pn83SZHhE98PVWU8xzYgWvBEsPZF+Ypey3eJaNLcPF5k+Q1KKS+LqQJYKB4emccbXpiePYmDF0mIP1OJSIRyE7WMK60EPIa9M/NUFTz7JkTzAofKN7Ju56lIh0GaFhLX448R4RWvwyqUq27UCY0EqCYR4ObRiglF4+2BXAikYH6KlVQIDAQAB', NULL, 1, 9);
INSERT INTO public.keys (id, notification_key, private_key, public_key, refresh_token, version, user_id) VALUES (10, 'notification_10', 'MIIEuwIBADANBgkqhkiG9w0BAQEFAASCBKUwggShAgEAAoIBAQCsmjcIcDwA4bZk4AGne5gv9lzBl8y4oIv/r8LjObsJ03PG6KkgDinHDhdMOh3IZM6x1pZrcTvb2whVFgKwpkTAtrkTeXPHtxlCf4fPa9TvXqN2wrMR4h5m89ucsYYiNYhSKKPjoHOOVbpjSyPA57tOhSUc/s3OjvqasFhKrSmfzdJkeET3w9VZTzHNiBa8ESw9kX5il7Ld4lo0tw8XmT5DUopL4upAlgoHh6ZxxtemJ49iYMXSYg/U4lIhHITtYwrrQQ8hr0z81QVPPsmRPMCh8o3sm7nqUiHQZoWEtfjjxHhFa/DKpSrbtQJjQSoJhHg5tGKCUXj7YFcCKRgfoqVVAgMBAAECgf9S1FcVOU8bjIO93F3BGhFINwoq6ti+rCpPHUCo5c4+rOxDq3XcAxoFrBwN1MXWleuSadqi+jGgFXmOCxjioJs7OnJMcBRpZv/i5UL2Yd/q0sMsMtZSA1NJdSxuwSL/2tmRKEJ1TZKdg1TwxIvJ5lrftdj7UNy4UIcJIbsr00umWWNhTTXetPcf8PXcGwNkiz5bE6i7R0Iw3CC87Tz1f8ULpTx0TH/pusfpdN2uwKDENmjFFYRAXlxoK9MtfBwawtoEuonHtTGgWcgg830TLldSueJUZKldsbnAsMWops52npQCxJiHjivFqIJbQk7ae8VyDOlhCFI9OG0411FD/vMCgYEAuF0dKCjuZdcw+0Z2DV9DDKYMmBoiBhfxsAW5PlF7fvEZbG4DsgJDLjexOrU1EcSmthklFX4pE83DCSY6hhmTenS28w+L08vyhskvaUQeAzNckhG8F8IjAHnEFCja7tCxi+g03VJaeeDpFjfCHZrQxhvbojIQQO+tGEFfRqrY19MCgYEA76swEK1xnFA53q2Ewkupz49C5EbHKjeu2/nEG521JXmqNRvuMbTow8jmc6ane9YjXwIFQBdlwh0yYbJOX3o1sPRSMndKAeeJb0uhkkSl3lTH58Q6x7BdPGRzHPOtxsk6cGDpxLpPmpQZoTaQeTHbDFNro7XJozkYMLgjCYWFPTcCgYBmEkdeQKscfzODKtOZO7CnhBdc7rr/nKoWxlR1CC/TbDCjM5WgLFh9ciARXNnw6GtUTj+V0q9zY2wj2KJ2NBrOpWfU0jqcHEI+FYzGPwxOwVTzGhaFINq4HLJOZwAvUCO8TedW0Y1+BOOHhX9XXKtRw4KqHgWZrhirYSYaveQoOQKBgQDcoHAsyh2t0cSUEpQF8HUv1yey0N0DJiNX6QL4kSNyjh97qGyLYYhswwIyMJY5T5VcHpYKu/82xH3epa+0AOJwNVl9j4aXXjeMNslTxtISa2VjG6cosFgEAkxduIyeVBvx26UXLpOdLvyxBXPVvWlyXVDXcb9e/G4iW0AVwc433QKBgCpQRAzxuzFwkeWUhE8I7jxF9mJEtlW2NUBfeqqS5skLQNxXjHYQiRQZoCkox5OTcK6aM6/mLlq2u6hIUewNlynInmcHVWQ7z2xD4sXd1Vshko7ZetWBECUkKL/ZlK9YOKP8roHHuhzrstbXdWhpHE1m1jrUfGP2wz6TAcP4u1fO', 'MIIBIjANBgkqhkiG9w0BAQEFAAOCAQ8AMIIBCgKCAQEArJo3CHA8AOG2ZOABp3uYL/ZcwZfMuKCL/6/C4zm7CdNzxuipIA4pxw4XTDodyGTOsdaWa3E729sIVRYCsKZEwLa5E3lzx7cZQn+Hz2vU716jdsKzEeIeZvPbnLGGIjWIUiij46BzjlW6Y0sjwOe7ToUlHP7Nzo76mrBYSq0pn83SZHhE98PVWU8xzYgWvBEsPZF+Ypey3eJaNLcPF5k+Q1KKS+LqQJYKB4emccbXpiePYmDF0mIP1OJSIRyE7WMK60EPIa9M/NUFTz7JkTzAofKN7Ju56lIh0GaFhLX448R4RWvwyqUq27UCY0EqCYR4ObRiglF4+2BXAikYH6KlVQIDAQAB', NULL, 1, 10);
INSERT INTO public.keys (id, notification_key, private_key, public_key, refresh_token, version, user_id) VALUES (11, 'notification_11', 'MIIEuwIBADANBgkqhkiG9w0BAQEFAASCBKUwggShAgEAAoIBAQCsmjcIcDwA4bZk4AGne5gv9lzBl8y4oIv/r8LjObsJ03PG6KkgDinHDhdMOh3IZM6x1pZrcTvb2whVFgKwpkTAtrkTeXPHtxlCf4fPa9TvXqN2wrMR4h5m89ucsYYiNYhSKKPjoHOOVbpjSyPA57tOhSUc/s3OjvqasFhKrSmfzdJkeET3w9VZTzHNiBa8ESw9kX5il7Ld4lo0tw8XmT5DUopL4upAlgoHh6ZxxtemJ49iYMXSYg/U4lIhHITtYwrrQQ8hr0z81QVPPsmRPMCh8o3sm7nqUiHQZoWEtfjjxHhFa/DKpSrbtQJjQSoJhHg5tGKCUXj7YFcCKRgfoqVVAgMBAAECgf9S1FcVOU8bjIO93F3BGhFINwoq6ti+rCpPHUCo5c4+rOxDq3XcAxoFrBwN1MXWleuSadqi+jGgFXmOCxjioJs7OnJMcBRpZv/i5UL2Yd/q0sMsMtZSA1NJdSxuwSL/2tmRKEJ1TZKdg1TwxIvJ5lrftdj7UNy4UIcJIbsr00umWWNhTTXetPcf8PXcGwNkiz5bE6i7R0Iw3CC87Tz1f8ULpTx0TH/pusfpdN2uwKDENmjFFYRAXlxoK9MtfBwawtoEuonHtTGgWcgg830TLldSueJUZKldsbnAsMWops52npQCxJiHjivFqIJbQk7ae8VyDOlhCFI9OG0411FD/vMCgYEAuF0dKCjuZdcw+0Z2DV9DDKYMmBoiBhfxsAW5PlF7fvEZbG4DsgJDLjexOrU1EcSmthklFX4pE83DCSY6hhmTenS28w+L08vyhskvaUQeAzNckhG8F8IjAHnEFCja7tCxi+g03VJaeeDpFjfCHZrQxhvbojIQQO+tGEFfRqrY19MCgYEA76swEK1xnFA53q2Ewkupz49C5EbHKjeu2/nEG521JXmqNRvuMbTow8jmc6ane9YjXwIFQBdlwh0yYbJOX3o1sPRSMndKAeeJb0uhkkSl3lTH58Q6x7BdPGRzHPOtxsk6cGDpxLpPmpQZoTaQeTHbDFNro7XJozkYMLgjCYWFPTcCgYBmEkdeQKscfzODKtOZO7CnhBdc7rr/nKoWxlR1CC/TbDCjM5WgLFh9ciARXNnw6GtUTj+V0q9zY2wj2KJ2NBrOpWfU0jqcHEI+FYzGPwxOwVTzGhaFINq4HLJOZwAvUCO8TedW0Y1+BOOHhX9XXKtRw4KqHgWZrhirYSYaveQoOQKBgQDcoHAsyh2t0cSUEpQF8HUv1yey0N0DJiNX6QL4kSNyjh97qGyLYYhswwIyMJY5T5VcHpYKu/82xH3epa+0AOJwNVl9j4aXXjeMNslTxtISa2VjG6cosFgEAkxduIyeVBvx26UXLpOdLvyxBXPVvWlyXVDXcb9e/G4iW0AVwc433QKBgCpQRAzxuzFwkeWUhE8I7jxF9mJEtlW2NUBfeqqS5skLQNxXjHYQiRQZoCkox5OTcK6aM6/mLlq2u6hIUewNlynInmcHVWQ7z2xD4sXd1Vshko7ZetWBECUkKL/ZlK9YOKP8roHHuhzrstbXdWhpHE1m1jrUfGP2wz6TAcP4u1fO', 'MIIBIjANBgkqhkiG9w0BAQEFAAOCAQ8AMIIBCgKCAQEArJo3CHA8AOG2ZOABp3uYL/ZcwZfMuKCL/6/C4zm7CdNzxuipIA4pxw4XTDodyGTOsdaWa3E729sIVRYCsKZEwLa5E3lzx7cZQn+Hz2vU716jdsKzEeIeZvPbnLGGIjWIUiij46BzjlW6Y0sjwOe7ToUlHP7Nzo76mrBYSq0pn83SZHhE98PVWU8xzYgWvBEsPZF+Ypey3eJaNLcPF5k+Q1KKS+LqQJYKB4emccbXpiePYmDF0mIP1OJSIRyE7WMK60EPIa9M/NUFTz7JkTzAofKN7Ju56lIh0GaFhLX448R4RWvwyqUq27UCY0EqCYR4ObRiglF4+2BXAikYH6KlVQIDAQAB', NULL, 1, 11);
INSERT INTO public.keys (id, notification_key, private_key, public_key, refresh_token, version, user_id) VALUES (12, 'notification_12', 'MIIEuwIBADANBgkqhkiG9w0BAQEFAASCBKUwggShAgEAAoIBAQCsmjcIcDwA4bZk4AGne5gv9lzBl8y4oIv/r8LjObsJ03PG6KkgDinHDhdMOh3IZM6x1pZrcTvb2whVFgKwpkTAtrkTeXPHtxlCf4fPa9TvXqN2wrMR4h5m89ucsYYiNYhSKKPjoHOOVbpjSyPA57tOhSUc/s3OjvqasFhKrSmfzdJkeET3w9VZTzHNiBa8ESw9kX5il7Ld4lo0tw8XmT5DUopL4upAlgoHh6ZxxtemJ49iYMXSYg/U4lIhHITtYwrrQQ8hr0z81QVPPsmRPMCh8o3sm7nqUiHQZoWEtfjjxHhFa/DKpSrbtQJjQSoJhHg5tGKCUXj7YFcCKRgfoqVVAgMBAAECgf9S1FcVOU8bjIO93F3BGhFINwoq6ti+rCpPHUCo5c4+rOxDq3XcAxoFrBwN1MXWleuSadqi+jGgFXmOCxjioJs7OnJMcBRpZv/i5UL2Yd/q0sMsMtZSA1NJdSxuwSL/2tmRKEJ1TZKdg1TwxIvJ5lrftdj7UNy4UIcJIbsr00umWWNhTTXetPcf8PXcGwNkiz5bE6i7R0Iw3CC87Tz1f8ULpTx0TH/pusfpdN2uwKDENmjFFYRAXlxoK9MtfBwawtoEuonHtTGgWcgg830TLldSueJUZKldsbnAsMWops52npQCxJiHjivFqIJbQk7ae8VyDOlhCFI9OG0411FD/vMCgYEAuF0dKCjuZdcw+0Z2DV9DDKYMmBoiBhfxsAW5PlF7fvEZbG4DsgJDLjexOrU1EcSmthklFX4pE83DCSY6hhmTenS28w+L08vyhskvaUQeAzNckhG8F8IjAHnEFCja7tCxi+g03VJaeeDpFjfCHZrQxhvbojIQQO+tGEFfRqrY19MCgYEA76swEK1xnFA53q2Ewkupz49C5EbHKjeu2/nEG521JXmqNRvuMbTow8jmc6ane9YjXwIFQBdlwh0yYbJOX3o1sPRSMndKAeeJb0uhkkSl3lTH58Q6x7BdPGRzHPOtxsk6cGDpxLpPmpQZoTaQeTHbDFNro7XJozkYMLgjCYWFPTcCgYBmEkdeQKscfzODKtOZO7CnhBdc7rr/nKoWxlR1CC/TbDCjM5WgLFh9ciARXNnw6GtUTj+V0q9zY2wj2KJ2NBrOpWfU0jqcHEI+FYzGPwxOwVTzGhaFINq4HLJOZwAvUCO8TedW0Y1+BOOHhX9XXKtRw4KqHgWZrhirYSYaveQoOQKBgQDcoHAsyh2t0cSUEpQF8HUv1yey0N0DJiNX6QL4kSNyjh97qGyLYYhswwIyMJY5T5VcHpYKu/82xH3epa+0AOJwNVl9j4aXXjeMNslTxtISa2VjG6cosFgEAkxduIyeVBvx26UXLpOdLvyxBXPVvWlyXVDXcb9e/G4iW0AVwc433QKBgCpQRAzxuzFwkeWUhE8I7jxF9mJEtlW2NUBfeqqS5skLQNxXjHYQiRQZoCkox5OTcK6aM6/mLlq2u6hIUewNlynInmcHVWQ7z2xD4sXd1Vshko7ZetWBECUkKL/ZlK9YOKP8roHHuhzrstbXdWhpHE1m1jrUfGP2wz6TAcP4u1fO', 'MIIBIjANBgkqhkiG9w0BAQEFAAOCAQ8AMIIBCgKCAQEArJo3CHA8AOG2ZOABp3uYL/ZcwZfMuKCL/6/C4zm7CdNzxuipIA4pxw4XTDodyGTOsdaWa3E729sIVRYCsKZEwLa5E3lzx7cZQn+Hz2vU716jdsKzEeIeZvPbnLGGIjWIUiij46BzjlW6Y0sjwOe7ToUlHP7Nzo76mrBYSq0pn83SZHhE98PVWU8xzYgWvBEsPZF+Ypey3eJaNLcPF5k+Q1KKS+LqQJYKB4emccbXpiePYmDF0mIP1OJSIRyE7WMK60EPIa9M/NUFTz7JkTzAofKN7Ju56lIh0GaFhLX448R4RWvwyqUq27UCY0EqCYR4ObRiglF4+2BXAikYH6KlVQIDAQAB', NULL, 1, 12);
INSERT INTO public.keys (id, notification_key, private_key, public_key, refresh_token, version, user_id) VALUES (13, 'notification_13', 'MIIEuwIBADANBgkqhkiG9w0BAQEFAASCBKUwggShAgEAAoIBAQCsmjcIcDwA4bZk4AGne5gv9lzBl8y4oIv/r8LjObsJ03PG6KkgDinHDhdMOh3IZM6x1pZrcTvb2whVFgKwpkTAtrkTeXPHtxlCf4fPa9TvXqN2wrMR4h5m89ucsYYiNYhSKKPjoHOOVbpjSyPA57tOhSUc/s3OjvqasFhKrSmfzdJkeET3w9VZTzHNiBa8ESw9kX5il7Ld4lo0tw8XmT5DUopL4upAlgoHh6ZxxtemJ49iYMXSYg/U4lIhHITtYwrrQQ8hr0z81QVPPsmRPMCh8o3sm7nqUiHQZoWEtfjjxHhFa/DKpSrbtQJjQSoJhHg5tGKCUXj7YFcCKRgfoqVVAgMBAAECgf9S1FcVOU8bjIO93F3BGhFINwoq6ti+rCpPHUCo5c4+rOxDq3XcAxoFrBwN1MXWleuSadqi+jGgFXmOCxjioJs7OnJMcBRpZv/i5UL2Yd/q0sMsMtZSA1NJdSxuwSL/2tmRKEJ1TZKdg1TwxIvJ5lrftdj7UNy4UIcJIbsr00umWWNhTTXetPcf8PXcGwNkiz5bE6i7R0Iw3CC87Tz1f8ULpTx0TH/pusfpdN2uwKDENmjFFYRAXlxoK9MtfBwawtoEuonHtTGgWcgg830TLldSueJUZKldsbnAsMWops52npQCxJiHjivFqIJbQk7ae8VyDOlhCFI9OG0411FD/vMCgYEAuF0dKCjuZdcw+0Z2DV9DDKYMmBoiBhfxsAW5PlF7fvEZbG4DsgJDLjexOrU1EcSmthklFX4pE83DCSY6hhmTenS28w+L08vyhskvaUQeAzNckhG8F8IjAHnEFCja7tCxi+g03VJaeeDpFjfCHZrQxhvbojIQQO+tGEFfRqrY19MCgYEA76swEK1xnFA53q2Ewkupz49C5EbHKjeu2/nEG521JXmqNRvuMbTow8jmc6ane9YjXwIFQBdlwh0yYbJOX3o1sPRSMndKAeeJb0uhkkSl3lTH58Q6x7BdPGRzHPOtxsk6cGDpxLpPmpQZoTaQeTHbDFNro7XJozkYMLgjCYWFPTcCgYBmEkdeQKscfzODKtOZO7CnhBdc7rr/nKoWxlR1CC/TbDCjM5WgLFh9ciARXNnw6GtUTj+V0q9zY2wj2KJ2NBrOpWfU0jqcHEI+FYzGPwxOwVTzGhaFINq4HLJOZwAvUCO8TedW0Y1+BOOHhX9XXKtRw4KqHgWZrhirYSYaveQoOQKBgQDcoHAsyh2t0cSUEpQF8HUv1yey0N0DJiNX6QL4kSNyjh97qGyLYYhswwIyMJY5T5VcHpYKu/82xH3epa+0AOJwNVl9j4aXXjeMNslTxtISa2VjG6cosFgEAkxduIyeVBvx26UXLpOdLvyxBXPVvWlyXVDXcb9e/G4iW0AVwc433QKBgCpQRAzxuzFwkeWUhE8I7jxF9mJEtlW2NUBfeqqS5skLQNxXjHYQiRQZoCkox5OTcK6aM6/mLlq2u6hIUewNlynInmcHVWQ7z2xD4sXd1Vshko7ZetWBECUkKL/ZlK9YOKP8roHHuhzrstbXdWhpHE1m1jrUfGP2wz6TAcP4u1fO', 'MIIBIjANBgkqhkiG9w0BAQEFAAOCAQ8AMIIBCgKCAQEArJo3CHA8AOG2ZOABp3uYL/ZcwZfMuKCL/6/C4zm7CdNzxuipIA4pxw4XTDodyGTOsdaWa3E729sIVRYCsKZEwLa5E3lzx7cZQn+Hz2vU716jdsKzEeIeZvPbnLGGIjWIUiij46BzjlW6Y0sjwOe7ToUlHP7Nzo76mrBYSq0pn83SZHhE98PVWU8xzYgWvBEsPZF+Ypey3eJaNLcPF5k+Q1KKS+LqQJYKB4emccbXpiePYmDF0mIP1OJSIRyE7WMK60EPIa9M/NUFTz7JkTzAofKN7Ju56lIh0GaFhLX448R4RWvwyqUq27UCY0EqCYR4ObRiglF4+2BXAikYH6KlVQIDAQAB', NULL, 1, 13);
INSERT INTO public.keys (id, notification_key, private_key, public_key, refresh_token, version, user_id) VALUES (14, 'notification_14', 'MIIEuwIBADANBgkqhkiG9w0BAQEFAASCBKUwggShAgEAAoIBAQCsmjcIcDwA4bZk4AGne5gv9lzBl8y4oIv/r8LjObsJ03PG6KkgDinHDhdMOh3IZM6x1pZrcTvb2whVFgKwpkTAtrkTeXPHtxlCf4fPa9TvXqN2wrMR4h5m89ucsYYiNYhSKKPjoHOOVbpjSyPA57tOhSUc/s3OjvqasFhKrSmfzdJkeET3w9VZTzHNiBa8ESw9kX5il7Ld4lo0tw8XmT5DUopL4upAlgoHh6ZxxtemJ49iYMXSYg/U4lIhHITtYwrrQQ8hr0z81QVPPsmRPMCh8o3sm7nqUiHQZoWEtfjjxHhFa/DKpSrbtQJjQSoJhHg5tGKCUXj7YFcCKRgfoqVVAgMBAAECgf9S1FcVOU8bjIO93F3BGhFINwoq6ti+rCpPHUCo5c4+rOxDq3XcAxoFrBwN1MXWleuSadqi+jGgFXmOCxjioJs7OnJMcBRpZv/i5UL2Yd/q0sMsMtZSA1NJdSxuwSL/2tmRKEJ1TZKdg1TwxIvJ5lrftdj7UNy4UIcJIbsr00umWWNhTTXetPcf8PXcGwNkiz5bE6i7R0Iw3CC87Tz1f8ULpTx0TH/pusfpdN2uwKDENmjFFYRAXlxoK9MtfBwawtoEuonHtTGgWcgg830TLldSueJUZKldsbnAsMWops52npQCxJiHjivFqIJbQk7ae8VyDOlhCFI9OG0411FD/vMCgYEAuF0dKCjuZdcw+0Z2DV9DDKYMmBoiBhfxsAW5PlF7fvEZbG4DsgJDLjexOrU1EcSmthklFX4pE83DCSY6hhmTenS28w+L08vyhskvaUQeAzNckhG8F8IjAHnEFCja7tCxi+g03VJaeeDpFjfCHZrQxhvbojIQQO+tGEFfRqrY19MCgYEA76swEK1xnFA53q2Ewkupz49C5EbHKjeu2/nEG521JXmqNRvuMbTow8jmc6ane9YjXwIFQBdlwh0yYbJOX3o1sPRSMndKAeeJb0uhkkSl3lTH58Q6x7BdPGRzHPOtxsk6cGDpxLpPmpQZoTaQeTHbDFNro7XJozkYMLgjCYWFPTcCgYBmEkdeQKscfzODKtOZO7CnhBdc7rr/nKoWxlR1CC/TbDCjM5WgLFh9ciARXNnw6GtUTj+V0q9zY2wj2KJ2NBrOpWfU0jqcHEI+FYzGPwxOwVTzGhaFINq4HLJOZwAvUCO8TedW0Y1+BOOHhX9XXKtRw4KqHgWZrhirYSYaveQoOQKBgQDcoHAsyh2t0cSUEpQF8HUv1yey0N0DJiNX6QL4kSNyjh97qGyLYYhswwIyMJY5T5VcHpYKu/82xH3epa+0AOJwNVl9j4aXXjeMNslTxtISa2VjG6cosFgEAkxduIyeVBvx26UXLpOdLvyxBXPVvWlyXVDXcb9e/G4iW0AVwc433QKBgCpQRAzxuzFwkeWUhE8I7jxF9mJEtlW2NUBfeqqS5skLQNxXjHYQiRQZoCkox5OTcK6aM6/mLlq2u6hIUewNlynInmcHVWQ7z2xD4sXd1Vshko7ZetWBECUkKL/ZlK9YOKP8roHHuhzrstbXdWhpHE1m1jrUfGP2wz6TAcP4u1fO', 'MIIBIjANBgkqhkiG9w0BAQEFAAOCAQ8AMIIBCgKCAQEArJo3CHA8AOG2ZOABp3uYL/ZcwZfMuKCL/6/C4zm7CdNzxuipIA4pxw4XTDodyGTOsdaWa3E729sIVRYCsKZEwLa5E3lzx7cZQn+Hz2vU716jdsKzEeIeZvPbnLGGIjWIUiij46BzjlW6Y0sjwOe7ToUlHP7Nzo76mrBYSq0pn83SZHhE98PVWU8xzYgWvBEsPZF+Ypey3eJaNLcPF5k+Q1KKS+LqQJYKB4emccbXpiePYmDF0mIP1OJSIRyE7WMK60EPIa9M/NUFTz7JkTzAofKN7Ju56lIh0GaFhLX448R4RWvwyqUq27UCY0EqCYR4ObRiglF4+2BXAikYH6KlVQIDAQAB', NULL, 1, 14);
INSERT INTO public.keys (id, notification_key, private_key, public_key, refresh_token, version, user_id) VALUES (29, 'notification_29', 'MIIEuwIBADANBgkqhkiG9w0BAQEFAASCBKUwggShAgEAAoIBAQCsmjcIcDwA4bZk4AGne5gv9lzBl8y4oIv/r8LjObsJ03PG6KkgDinHDhdMOh3IZM6x1pZrcTvb2whVFgKwpkTAtrkTeXPHtxlCf4fPa9TvXqN2wrMR4h5m89ucsYYiNYhSKKPjoHOOVbpjSyPA57tOhSUc/s3OjvqasFhKrSmfzdJkeET3w9VZTzHNiBa8ESw9kX5il7Ld4lo0tw8XmT5DUopL4upAlgoHh6ZxxtemJ49iYMXSYg/U4lIhHITtYwrrQQ8hr0z81QVPPsmRPMCh8o3sm7nqUiHQZoWEtfjjxHhFa/DKpSrbtQJjQSoJhHg5tGKCUXj7YFcCKRgfoqVVAgMBAAECgf9S1FcVOU8bjIO93F3BGhFINwoq6ti+rCpPHUCo5c4+rOxDq3XcAxoFrBwN1MXWleuSadqi+jGgFXmOCxjioJs7OnJMcBRpZv/i5UL2Yd/q0sMsMtZSA1NJdSxuwSL/2tmRKEJ1TZKdg1TwxIvJ5lrftdj7UNy4UIcJIbsr00umWWNhTTXetPcf8PXcGwNkiz5bE6i7R0Iw3CC87Tz1f8ULpTx0TH/pusfpdN2uwKDENmjFFYRAXlxoK9MtfBwawtoEuonHtTGgWcgg830TLldSueJUZKldsbnAsMWops52npQCxJiHjivFqIJbQk7ae8VyDOlhCFI9OG0411FD/vMCgYEAuF0dKCjuZdcw+0Z2DV9DDKYMmBoiBhfxsAW5PlF7fvEZbG4DsgJDLjexOrU1EcSmthklFX4pE83DCSY6hhmTenS28w+L08vyhskvaUQeAzNckhG8F8IjAHnEFCja7tCxi+g03VJaeeDpFjfCHZrQxhvbojIQQO+tGEFfRqrY19MCgYEA76swEK1xnFA53q2Ewkupz49C5EbHKjeu2/nEG521JXmqNRvuMbTow8jmc6ane9YjXwIFQBdlwh0yYbJOX3o1sPRSMndKAeeJb0uhkkSl3lTH58Q6x7BdPGRzHPOtxsk6cGDpxLpPmpQZoTaQeTHbDFNro7XJozkYMLgjCYWFPTcCgYBmEkdeQKscfzODKtOZO7CnhBdc7rr/nKoWxlR1CC/TbDCjM5WgLFh9ciARXNnw6GtUTj+V0q9zY2wj2KJ2NBrOpWfU0jqcHEI+FYzGPwxOwVTzGhaFINq4HLJOZwAvUCO8TedW0Y1+BOOHhX9XXKtRw4KqHgWZrhirYSYaveQoOQKBgQDcoHAsyh2t0cSUEpQF8HUv1yey0N0DJiNX6QL4kSNyjh97qGyLYYhswwIyMJY5T5VcHpYKu/82xH3epa+0AOJwNVl9j4aXXjeMNslTxtISa2VjG6cosFgEAkxduIyeVBvx26UXLpOdLvyxBXPVvWlyXVDXcb9e/G4iW0AVwc433QKBgCpQRAzxuzFwkeWUhE8I7jxF9mJEtlW2NUBfeqqS5skLQNxXjHYQiRQZoCkox5OTcK6aM6/mLlq2u6hIUewNlynInmcHVWQ7z2xD4sXd1Vshko7ZetWBECUkKL/ZlK9YOKP8roHHuhzrstbXdWhpHE1m1jrUfGP2wz6TAcP4u1fO', 'MIIBIjANBgkqhkiG9w0BAQEFAAOCAQ8AMIIBCgKCAQEArJo3CHA8AOG2ZOABp3uYL/ZcwZfMuKCL/6/C4zm7CdNzxuipIA4pxw4XTDodyGTOsdaWa3E729sIVRYCsKZEwLa5E3lzx7cZQn+Hz2vU716jdsKzEeIeZvPbnLGGIjWIUiij46BzjlW6Y0sjwOe7ToUlHP7Nzo76mrBYSq0pn83SZHhE98PVWU8xzYgWvBEsPZF+Ypey3eJaNLcPF5k+Q1KKS+LqQJYKB4emccbXpiePYmDF0mIP1OJSIRyE7WMK60EPIa9M/NUFTz7JkTzAofKN7Ju56lIh0GaFhLX448R4RWvwyqUq27UCY0EqCYR4ObRiglF4+2BXAikYH6KlVQIDAQAB', NULL, 1, 29);
INSERT INTO public.keys (id, notification_key, private_key, public_key, refresh_token, version, user_id) VALUES (30, 'notification_30', 'MIIEuwIBADANBgkqhkiG9w0BAQEFAASCBKUwggShAgEAAoIBAQCsmjcIcDwA4bZk4AGne5gv9lzBl8y4oIv/r8LjObsJ03PG6KkgDinHDhdMOh3IZM6x1pZrcTvb2whVFgKwpkTAtrkTeXPHtxlCf4fPa9TvXqN2wrMR4h5m89ucsYYiNYhSKKPjoHOOVbpjSyPA57tOhSUc/s3OjvqasFhKrSmfzdJkeET3w9VZTzHNiBa8ESw9kX5il7Ld4lo0tw8XmT5DUopL4upAlgoHh6ZxxtemJ49iYMXSYg/U4lIhHITtYwrrQQ8hr0z81QVPPsmRPMCh8o3sm7nqUiHQZoWEtfjjxHhFa/DKpSrbtQJjQSoJhHg5tGKCUXj7YFcCKRgfoqVVAgMBAAECgf9S1FcVOU8bjIO93F3BGhFINwoq6ti+rCpPHUCo5c4+rOxDq3XcAxoFrBwN1MXWleuSadqi+jGgFXmOCxjioJs7OnJMcBRpZv/i5UL2Yd/q0sMsMtZSA1NJdSxuwSL/2tmRKEJ1TZKdg1TwxIvJ5lrftdj7UNy4UIcJIbsr00umWWNhTTXetPcf8PXcGwNkiz5bE6i7R0Iw3CC87Tz1f8ULpTx0TH/pusfpdN2uwKDENmjFFYRAXlxoK9MtfBwawtoEuonHtTGgWcgg830TLldSueJUZKldsbnAsMWops52npQCxJiHjivFqIJbQk7ae8VyDOlhCFI9OG0411FD/vMCgYEAuF0dKCjuZdcw+0Z2DV9DDKYMmBoiBhfxsAW5PlF7fvEZbG4DsgJDLjexOrU1EcSmthklFX4pE83DCSY6hhmTenS28w+L08vyhskvaUQeAzNckhG8F8IjAHnEFCja7tCxi+g03VJaeeDpFjfCHZrQxhvbojIQQO+tGEFfRqrY19MCgYEA76swEK1xnFA53q2Ewkupz49C5EbHKjeu2/nEG521JXmqNRvuMbTow8jmc6ane9YjXwIFQBdlwh0yYbJOX3o1sPRSMndKAeeJb0uhkkSl3lTH58Q6x7BdPGRzHPOtxsk6cGDpxLpPmpQZoTaQeTHbDFNro7XJozkYMLgjCYWFPTcCgYBmEkdeQKscfzODKtOZO7CnhBdc7rr/nKoWxlR1CC/TbDCjM5WgLFh9ciARXNnw6GtUTj+V0q9zY2wj2KJ2NBrOpWfU0jqcHEI+FYzGPwxOwVTzGhaFINq4HLJOZwAvUCO8TedW0Y1+BOOHhX9XXKtRw4KqHgWZrhirYSYaveQoOQKBgQDcoHAsyh2t0cSUEpQF8HUv1yey0N0DJiNX6QL4kSNyjh97qGyLYYhswwIyMJY5T5VcHpYKu/82xH3epa+0AOJwNVl9j4aXXjeMNslTxtISa2VjG6cosFgEAkxduIyeVBvx26UXLpOdLvyxBXPVvWlyXVDXcb9e/G4iW0AVwc433QKBgCpQRAzxuzFwkeWUhE8I7jxF9mJEtlW2NUBfeqqS5skLQNxXjHYQiRQZoCkox5OTcK6aM6/mLlq2u6hIUewNlynInmcHVWQ7z2xD4sXd1Vshko7ZetWBECUkKL/ZlK9YOKP8roHHuhzrstbXdWhpHE1m1jrUfGP2wz6TAcP4u1fO', 'MIIBIjANBgkqhkiG9w0BAQEFAAOCAQ8AMIIBCgKCAQEArJo3CHA8AOG2ZOABp3uYL/ZcwZfMuKCL/6/C4zm7CdNzxuipIA4pxw4XTDodyGTOsdaWa3E729sIVRYCsKZEwLa5E3lzx7cZQn+Hz2vU716jdsKzEeIeZvPbnLGGIjWIUiij46BzjlW6Y0sjwOe7ToUlHP7Nzo76mrBYSq0pn83SZHhE98PVWU8xzYgWvBEsPZF+Ypey3eJaNLcPF5k+Q1KKS+LqQJYKB4emccbXpiePYmDF0mIP1OJSIRyE7WMK60EPIa9M/NUFTz7JkTzAofKN7Ju56lIh0GaFhLX448R4RWvwyqUq27UCY0EqCYR4ObRiglF4+2BXAikYH6KlVQIDAQAB', NULL, 1, 30);
INSERT INTO public.keys (id, notification_key, private_key, public_key, refresh_token, version, user_id) VALUES (3, 'stringstringstring', 'MIIEuwIBADANBgkqhkiG9w0BAQEFAASCBKUwggShAgEAAoIBAQCsmjcIcDwA4bZk4AGne5gv9lzBl8y4oIv/r8LjObsJ03PG6KkgDinHDhdMOh3IZM6x1pZrcTvb2whVFgKwpkTAtrkTeXPHtxlCf4fPa9TvXqN2wrMR4h5m89ucsYYiNYhSKKPjoHOOVbpjSyPA57tOhSUc/s3OjvqasFhKrSmfzdJkeET3w9VZTzHNiBa8ESw9kX5il7Ld4lo0tw8XmT5DUopL4upAlgoHh6ZxxtemJ49iYMXSYg/U4lIhHITtYwrrQQ8hr0z81QVPPsmRPMCh8o3sm7nqUiHQZoWEtfjjxHhFa/DKpSrbtQJjQSoJhHg5tGKCUXj7YFcCKRgfoqVVAgMBAAECgf9S1FcVOU8bjIO93F3BGhFINwoq6ti+rCpPHUCo5c4+rOxDq3XcAxoFrBwN1MXWleuSadqi+jGgFXmOCxjioJs7OnJMcBRpZv/i5UL2Yd/q0sMsMtZSA1NJdSxuwSL/2tmRKEJ1TZKdg1TwxIvJ5lrftdj7UNy4UIcJIbsr00umWWNhTTXetPcf8PXcGwNkiz5bE6i7R0Iw3CC87Tz1f8ULpTx0TH/pusfpdN2uwKDENmjFFYRAXlxoK9MtfBwawtoEuonHtTGgWcgg830TLldSueJUZKldsbnAsMWops52npQCxJiHjivFqIJbQk7ae8VyDOlhCFI9OG0411FD/vMCgYEAuF0dKCjuZdcw+0Z2DV9DDKYMmBoiBhfxsAW5PlF7fvEZbG4DsgJDLjexOrU1EcSmthklFX4pE83DCSY6hhmTenS28w+L08vyhskvaUQeAzNckhG8F8IjAHnEFCja7tCxi+g03VJaeeDpFjfCHZrQxhvbojIQQO+tGEFfRqrY19MCgYEA76swEK1xnFA53q2Ewkupz49C5EbHKjeu2/nEG521JXmqNRvuMbTow8jmc6ane9YjXwIFQBdlwh0yYbJOX3o1sPRSMndKAeeJb0uhkkSl3lTH58Q6x7BdPGRzHPOtxsk6cGDpxLpPmpQZoTaQeTHbDFNro7XJozkYMLgjCYWFPTcCgYBmEkdeQKscfzODKtOZO7CnhBdc7rr/nKoWxlR1CC/TbDCjM5WgLFh9ciARXNnw6GtUTj+V0q9zY2wj2KJ2NBrOpWfU0jqcHEI+FYzGPwxOwVTzGhaFINq4HLJOZwAvUCO8TedW0Y1+BOOHhX9XXKtRw4KqHgWZrhirYSYaveQoOQKBgQDcoHAsyh2t0cSUEpQF8HUv1yey0N0DJiNX6QL4kSNyjh97qGyLYYhswwIyMJY5T5VcHpYKu/82xH3epa+0AOJwNVl9j4aXXjeMNslTxtISa2VjG6cosFgEAkxduIyeVBvx26UXLpOdLvyxBXPVvWlyXVDXcb9e/G4iW0AVwc433QKBgCpQRAzxuzFwkeWUhE8I7jxF9mJEtlW2NUBfeqqS5skLQNxXjHYQiRQZoCkox5OTcK6aM6/mLlq2u6hIUewNlynInmcHVWQ7z2xD4sXd1Vshko7ZetWBECUkKL/ZlK9YOKP8roHHuhzrstbXdWhpHE1m1jrUfGP2wz6TAcP4u1fO', 'MIIBIjANBgkqhkiG9w0BAQEFAAOCAQ8AMIIBCgKCAQEArJo3CHA8AOG2ZOABp3uYL/ZcwZfMuKCL/6/C4zm7CdNzxuipIA4pxw4XTDodyGTOsdaWa3E729sIVRYCsKZEwLa5E3lzx7cZQn+Hz2vU716jdsKzEeIeZvPbnLGGIjWIUiij46BzjlW6Y0sjwOe7ToUlHP7Nzo76mrBYSq0pn83SZHhE98PVWU8xzYgWvBEsPZF+Ypey3eJaNLcPF5k+Q1KKS+LqQJYKB4emccbXpiePYmDF0mIP1OJSIRyE7WMK60EPIa9M/NUFTz7JkTzAofKN7Ju56lIh0GaFhLX448R4RWvwyqUq27UCY0EqCYR4ObRiglF4+2BXAikYH6KlVQIDAQAB', 'eyJhbGciOiJSUzI1NiJ9.eyJpZCI6Mywicm9sZSI6IkFETUlOIiwidmVyc2lvbiI6MiwiZW1haWwiOiJtYXJrLmpvaG5zb25AZXhhbXBsZS5jb20iLCJpYXQiOjE3MzA4MTI0MDQsImV4cCI6MTczMTQxNzIwNH0.JSRNF2xTQufRq1uTUMq1suhVXcJF1RFRcuGsv3539tThZ6re6u5kG2Eyf-9nyfK_VAC47199XvZzuq7sZvTi-FWo1J897PaE7QFnPm4KSPdpm-7nfBXe7wlix69U_o2nmv1k3QBS_qRKy8vPqL4dtcz2HInPEjA9tbyr6BfJ2oX3qQNij1StnokjygZbTaACHbUnppAWwQUQZ29nfHPqoJhrc1iy0olYNJgobOpU8sY9QH-ezzsv7YfP3V2yBO5iX36PDlgjHYkA20U3MIf8kmb97j-LLhGXNMMH5UfGMKekMeCnm9BIQGoqM5wNLcxtlA71mRlNi0sCn2e8gZwypg', 2, 3);
INSERT INTO public.keys (id, notification_key, private_key, public_key, refresh_token, version, user_id) VALUES (15, 'notification_15', 'MIIEuwIBADANBgkqhkiG9w0BAQEFAASCBKUwggShAgEAAoIBAQCsmjcIcDwA4bZk4AGne5gv9lzBl8y4oIv/r8LjObsJ03PG6KkgDinHDhdMOh3IZM6x1pZrcTvb2whVFgKwpkTAtrkTeXPHtxlCf4fPa9TvXqN2wrMR4h5m89ucsYYiNYhSKKPjoHOOVbpjSyPA57tOhSUc/s3OjvqasFhKrSmfzdJkeET3w9VZTzHNiBa8ESw9kX5il7Ld4lo0tw8XmT5DUopL4upAlgoHh6ZxxtemJ49iYMXSYg/U4lIhHITtYwrrQQ8hr0z81QVPPsmRPMCh8o3sm7nqUiHQZoWEtfjjxHhFa/DKpSrbtQJjQSoJhHg5tGKCUXj7YFcCKRgfoqVVAgMBAAECgf9S1FcVOU8bjIO93F3BGhFINwoq6ti+rCpPHUCo5c4+rOxDq3XcAxoFrBwN1MXWleuSadqi+jGgFXmOCxjioJs7OnJMcBRpZv/i5UL2Yd/q0sMsMtZSA1NJdSxuwSL/2tmRKEJ1TZKdg1TwxIvJ5lrftdj7UNy4UIcJIbsr00umWWNhTTXetPcf8PXcGwNkiz5bE6i7R0Iw3CC87Tz1f8ULpTx0TH/pusfpdN2uwKDENmjFFYRAXlxoK9MtfBwawtoEuonHtTGgWcgg830TLldSueJUZKldsbnAsMWops52npQCxJiHjivFqIJbQk7ae8VyDOlhCFI9OG0411FD/vMCgYEAuF0dKCjuZdcw+0Z2DV9DDKYMmBoiBhfxsAW5PlF7fvEZbG4DsgJDLjexOrU1EcSmthklFX4pE83DCSY6hhmTenS28w+L08vyhskvaUQeAzNckhG8F8IjAHnEFCja7tCxi+g03VJaeeDpFjfCHZrQxhvbojIQQO+tGEFfRqrY19MCgYEA76swEK1xnFA53q2Ewkupz49C5EbHKjeu2/nEG521JXmqNRvuMbTow8jmc6ane9YjXwIFQBdlwh0yYbJOX3o1sPRSMndKAeeJb0uhkkSl3lTH58Q6x7BdPGRzHPOtxsk6cGDpxLpPmpQZoTaQeTHbDFNro7XJozkYMLgjCYWFPTcCgYBmEkdeQKscfzODKtOZO7CnhBdc7rr/nKoWxlR1CC/TbDCjM5WgLFh9ciARXNnw6GtUTj+V0q9zY2wj2KJ2NBrOpWfU0jqcHEI+FYzGPwxOwVTzGhaFINq4HLJOZwAvUCO8TedW0Y1+BOOHhX9XXKtRw4KqHgWZrhirYSYaveQoOQKBgQDcoHAsyh2t0cSUEpQF8HUv1yey0N0DJiNX6QL4kSNyjh97qGyLYYhswwIyMJY5T5VcHpYKu/82xH3epa+0AOJwNVl9j4aXXjeMNslTxtISa2VjG6cosFgEAkxduIyeVBvx26UXLpOdLvyxBXPVvWlyXVDXcb9e/G4iW0AVwc433QKBgCpQRAzxuzFwkeWUhE8I7jxF9mJEtlW2NUBfeqqS5skLQNxXjHYQiRQZoCkox5OTcK6aM6/mLlq2u6hIUewNlynInmcHVWQ7z2xD4sXd1Vshko7ZetWBECUkKL/ZlK9YOKP8roHHuhzrstbXdWhpHE1m1jrUfGP2wz6TAcP4u1fO', 'MIIBIjANBgkqhkiG9w0BAQEFAAOCAQ8AMIIBCgKCAQEArJo3CHA8AOG2ZOABp3uYL/ZcwZfMuKCL/6/C4zm7CdNzxuipIA4pxw4XTDodyGTOsdaWa3E729sIVRYCsKZEwLa5E3lzx7cZQn+Hz2vU716jdsKzEeIeZvPbnLGGIjWIUiij46BzjlW6Y0sjwOe7ToUlHP7Nzo76mrBYSq0pn83SZHhE98PVWU8xzYgWvBEsPZF+Ypey3eJaNLcPF5k+Q1KKS+LqQJYKB4emccbXpiePYmDF0mIP1OJSIRyE7WMK60EPIa9M/NUFTz7JkTzAofKN7Ju56lIh0GaFhLX448R4RWvwyqUq27UCY0EqCYR4ObRiglF4+2BXAikYH6KlVQIDAQAB', NULL, 1, 15);
INSERT INTO public.keys (id, notification_key, private_key, public_key, refresh_token, version, user_id) VALUES (16, 'notification_16', 'MIIEuwIBADANBgkqhkiG9w0BAQEFAASCBKUwggShAgEAAoIBAQCsmjcIcDwA4bZk4AGne5gv9lzBl8y4oIv/r8LjObsJ03PG6KkgDinHDhdMOh3IZM6x1pZrcTvb2whVFgKwpkTAtrkTeXPHtxlCf4fPa9TvXqN2wrMR4h5m89ucsYYiNYhSKKPjoHOOVbpjSyPA57tOhSUc/s3OjvqasFhKrSmfzdJkeET3w9VZTzHNiBa8ESw9kX5il7Ld4lo0tw8XmT5DUopL4upAlgoHh6ZxxtemJ49iYMXSYg/U4lIhHITtYwrrQQ8hr0z81QVPPsmRPMCh8o3sm7nqUiHQZoWEtfjjxHhFa/DKpSrbtQJjQSoJhHg5tGKCUXj7YFcCKRgfoqVVAgMBAAECgf9S1FcVOU8bjIO93F3BGhFINwoq6ti+rCpPHUCo5c4+rOxDq3XcAxoFrBwN1MXWleuSadqi+jGgFXmOCxjioJs7OnJMcBRpZv/i5UL2Yd/q0sMsMtZSA1NJdSxuwSL/2tmRKEJ1TZKdg1TwxIvJ5lrftdj7UNy4UIcJIbsr00umWWNhTTXetPcf8PXcGwNkiz5bE6i7R0Iw3CC87Tz1f8ULpTx0TH/pusfpdN2uwKDENmjFFYRAXlxoK9MtfBwawtoEuonHtTGgWcgg830TLldSueJUZKldsbnAsMWops52npQCxJiHjivFqIJbQk7ae8VyDOlhCFI9OG0411FD/vMCgYEAuF0dKCjuZdcw+0Z2DV9DDKYMmBoiBhfxsAW5PlF7fvEZbG4DsgJDLjexOrU1EcSmthklFX4pE83DCSY6hhmTenS28w+L08vyhskvaUQeAzNckhG8F8IjAHnEFCja7tCxi+g03VJaeeDpFjfCHZrQxhvbojIQQO+tGEFfRqrY19MCgYEA76swEK1xnFA53q2Ewkupz49C5EbHKjeu2/nEG521JXmqNRvuMbTow8jmc6ane9YjXwIFQBdlwh0yYbJOX3o1sPRSMndKAeeJb0uhkkSl3lTH58Q6x7BdPGRzHPOtxsk6cGDpxLpPmpQZoTaQeTHbDFNro7XJozkYMLgjCYWFPTcCgYBmEkdeQKscfzODKtOZO7CnhBdc7rr/nKoWxlR1CC/TbDCjM5WgLFh9ciARXNnw6GtUTj+V0q9zY2wj2KJ2NBrOpWfU0jqcHEI+FYzGPwxOwVTzGhaFINq4HLJOZwAvUCO8TedW0Y1+BOOHhX9XXKtRw4KqHgWZrhirYSYaveQoOQKBgQDcoHAsyh2t0cSUEpQF8HUv1yey0N0DJiNX6QL4kSNyjh97qGyLYYhswwIyMJY5T5VcHpYKu/82xH3epa+0AOJwNVl9j4aXXjeMNslTxtISa2VjG6cosFgEAkxduIyeVBvx26UXLpOdLvyxBXPVvWlyXVDXcb9e/G4iW0AVwc433QKBgCpQRAzxuzFwkeWUhE8I7jxF9mJEtlW2NUBfeqqS5skLQNxXjHYQiRQZoCkox5OTcK6aM6/mLlq2u6hIUewNlynInmcHVWQ7z2xD4sXd1Vshko7ZetWBECUkKL/ZlK9YOKP8roHHuhzrstbXdWhpHE1m1jrUfGP2wz6TAcP4u1fO', 'MIIBIjANBgkqhkiG9w0BAQEFAAOCAQ8AMIIBCgKCAQEArJo3CHA8AOG2ZOABp3uYL/ZcwZfMuKCL/6/C4zm7CdNzxuipIA4pxw4XTDodyGTOsdaWa3E729sIVRYCsKZEwLa5E3lzx7cZQn+Hz2vU716jdsKzEeIeZvPbnLGGIjWIUiij46BzjlW6Y0sjwOe7ToUlHP7Nzo76mrBYSq0pn83SZHhE98PVWU8xzYgWvBEsPZF+Ypey3eJaNLcPF5k+Q1KKS+LqQJYKB4emccbXpiePYmDF0mIP1OJSIRyE7WMK60EPIa9M/NUFTz7JkTzAofKN7Ju56lIh0GaFhLX448R4RWvwyqUq27UCY0EqCYR4ObRiglF4+2BXAikYH6KlVQIDAQAB', NULL, 1, 16);
INSERT INTO public.keys (id, notification_key, private_key, public_key, refresh_token, version, user_id) VALUES (17, 'notification_17', 'MIIEuwIBADANBgkqhkiG9w0BAQEFAASCBKUwggShAgEAAoIBAQCsmjcIcDwA4bZk4AGne5gv9lzBl8y4oIv/r8LjObsJ03PG6KkgDinHDhdMOh3IZM6x1pZrcTvb2whVFgKwpkTAtrkTeXPHtxlCf4fPa9TvXqN2wrMR4h5m89ucsYYiNYhSKKPjoHOOVbpjSyPA57tOhSUc/s3OjvqasFhKrSmfzdJkeET3w9VZTzHNiBa8ESw9kX5il7Ld4lo0tw8XmT5DUopL4upAlgoHh6ZxxtemJ49iYMXSYg/U4lIhHITtYwrrQQ8hr0z81QVPPsmRPMCh8o3sm7nqUiHQZoWEtfjjxHhFa/DKpSrbtQJjQSoJhHg5tGKCUXj7YFcCKRgfoqVVAgMBAAECgf9S1FcVOU8bjIO93F3BGhFINwoq6ti+rCpPHUCo5c4+rOxDq3XcAxoFrBwN1MXWleuSadqi+jGgFXmOCxjioJs7OnJMcBRpZv/i5UL2Yd/q0sMsMtZSA1NJdSxuwSL/2tmRKEJ1TZKdg1TwxIvJ5lrftdj7UNy4UIcJIbsr00umWWNhTTXetPcf8PXcGwNkiz5bE6i7R0Iw3CC87Tz1f8ULpTx0TH/pusfpdN2uwKDENmjFFYRAXlxoK9MtfBwawtoEuonHtTGgWcgg830TLldSueJUZKldsbnAsMWops52npQCxJiHjivFqIJbQk7ae8VyDOlhCFI9OG0411FD/vMCgYEAuF0dKCjuZdcw+0Z2DV9DDKYMmBoiBhfxsAW5PlF7fvEZbG4DsgJDLjexOrU1EcSmthklFX4pE83DCSY6hhmTenS28w+L08vyhskvaUQeAzNckhG8F8IjAHnEFCja7tCxi+g03VJaeeDpFjfCHZrQxhvbojIQQO+tGEFfRqrY19MCgYEA76swEK1xnFA53q2Ewkupz49C5EbHKjeu2/nEG521JXmqNRvuMbTow8jmc6ane9YjXwIFQBdlwh0yYbJOX3o1sPRSMndKAeeJb0uhkkSl3lTH58Q6x7BdPGRzHPOtxsk6cGDpxLpPmpQZoTaQeTHbDFNro7XJozkYMLgjCYWFPTcCgYBmEkdeQKscfzODKtOZO7CnhBdc7rr/nKoWxlR1CC/TbDCjM5WgLFh9ciARXNnw6GtUTj+V0q9zY2wj2KJ2NBrOpWfU0jqcHEI+FYzGPwxOwVTzGhaFINq4HLJOZwAvUCO8TedW0Y1+BOOHhX9XXKtRw4KqHgWZrhirYSYaveQoOQKBgQDcoHAsyh2t0cSUEpQF8HUv1yey0N0DJiNX6QL4kSNyjh97qGyLYYhswwIyMJY5T5VcHpYKu/82xH3epa+0AOJwNVl9j4aXXjeMNslTxtISa2VjG6cosFgEAkxduIyeVBvx26UXLpOdLvyxBXPVvWlyXVDXcb9e/G4iW0AVwc433QKBgCpQRAzxuzFwkeWUhE8I7jxF9mJEtlW2NUBfeqqS5skLQNxXjHYQiRQZoCkox5OTcK6aM6/mLlq2u6hIUewNlynInmcHVWQ7z2xD4sXd1Vshko7ZetWBECUkKL/ZlK9YOKP8roHHuhzrstbXdWhpHE1m1jrUfGP2wz6TAcP4u1fO', 'MIIBIjANBgkqhkiG9w0BAQEFAAOCAQ8AMIIBCgKCAQEArJo3CHA8AOG2ZOABp3uYL/ZcwZfMuKCL/6/C4zm7CdNzxuipIA4pxw4XTDodyGTOsdaWa3E729sIVRYCsKZEwLa5E3lzx7cZQn+Hz2vU716jdsKzEeIeZvPbnLGGIjWIUiij46BzjlW6Y0sjwOe7ToUlHP7Nzo76mrBYSq0pn83SZHhE98PVWU8xzYgWvBEsPZF+Ypey3eJaNLcPF5k+Q1KKS+LqQJYKB4emccbXpiePYmDF0mIP1OJSIRyE7WMK60EPIa9M/NUFTz7JkTzAofKN7Ju56lIh0GaFhLX448R4RWvwyqUq27UCY0EqCYR4ObRiglF4+2BXAikYH6KlVQIDAQAB', NULL, 1, 17);
INSERT INTO public.keys (id, notification_key, private_key, public_key, refresh_token, version, user_id) VALUES (18, 'notification_18', 'MIIEuwIBADANBgkqhkiG9w0BAQEFAASCBKUwggShAgEAAoIBAQCsmjcIcDwA4bZk4AGne5gv9lzBl8y4oIv/r8LjObsJ03PG6KkgDinHDhdMOh3IZM6x1pZrcTvb2whVFgKwpkTAtrkTeXPHtxlCf4fPa9TvXqN2wrMR4h5m89ucsYYiNYhSKKPjoHOOVbpjSyPA57tOhSUc/s3OjvqasFhKrSmfzdJkeET3w9VZTzHNiBa8ESw9kX5il7Ld4lo0tw8XmT5DUopL4upAlgoHh6ZxxtemJ49iYMXSYg/U4lIhHITtYwrrQQ8hr0z81QVPPsmRPMCh8o3sm7nqUiHQZoWEtfjjxHhFa/DKpSrbtQJjQSoJhHg5tGKCUXj7YFcCKRgfoqVVAgMBAAECgf9S1FcVOU8bjIO93F3BGhFINwoq6ti+rCpPHUCo5c4+rOxDq3XcAxoFrBwN1MXWleuSadqi+jGgFXmOCxjioJs7OnJMcBRpZv/i5UL2Yd/q0sMsMtZSA1NJdSxuwSL/2tmRKEJ1TZKdg1TwxIvJ5lrftdj7UNy4UIcJIbsr00umWWNhTTXetPcf8PXcGwNkiz5bE6i7R0Iw3CC87Tz1f8ULpTx0TH/pusfpdN2uwKDENmjFFYRAXlxoK9MtfBwawtoEuonHtTGgWcgg830TLldSueJUZKldsbnAsMWops52npQCxJiHjivFqIJbQk7ae8VyDOlhCFI9OG0411FD/vMCgYEAuF0dKCjuZdcw+0Z2DV9DDKYMmBoiBhfxsAW5PlF7fvEZbG4DsgJDLjexOrU1EcSmthklFX4pE83DCSY6hhmTenS28w+L08vyhskvaUQeAzNckhG8F8IjAHnEFCja7tCxi+g03VJaeeDpFjfCHZrQxhvbojIQQO+tGEFfRqrY19MCgYEA76swEK1xnFA53q2Ewkupz49C5EbHKjeu2/nEG521JXmqNRvuMbTow8jmc6ane9YjXwIFQBdlwh0yYbJOX3o1sPRSMndKAeeJb0uhkkSl3lTH58Q6x7BdPGRzHPOtxsk6cGDpxLpPmpQZoTaQeTHbDFNro7XJozkYMLgjCYWFPTcCgYBmEkdeQKscfzODKtOZO7CnhBdc7rr/nKoWxlR1CC/TbDCjM5WgLFh9ciARXNnw6GtUTj+V0q9zY2wj2KJ2NBrOpWfU0jqcHEI+FYzGPwxOwVTzGhaFINq4HLJOZwAvUCO8TedW0Y1+BOOHhX9XXKtRw4KqHgWZrhirYSYaveQoOQKBgQDcoHAsyh2t0cSUEpQF8HUv1yey0N0DJiNX6QL4kSNyjh97qGyLYYhswwIyMJY5T5VcHpYKu/82xH3epa+0AOJwNVl9j4aXXjeMNslTxtISa2VjG6cosFgEAkxduIyeVBvx26UXLpOdLvyxBXPVvWlyXVDXcb9e/G4iW0AVwc433QKBgCpQRAzxuzFwkeWUhE8I7jxF9mJEtlW2NUBfeqqS5skLQNxXjHYQiRQZoCkox5OTcK6aM6/mLlq2u6hIUewNlynInmcHVWQ7z2xD4sXd1Vshko7ZetWBECUkKL/ZlK9YOKP8roHHuhzrstbXdWhpHE1m1jrUfGP2wz6TAcP4u1fO', 'MIIBIjANBgkqhkiG9w0BAQEFAAOCAQ8AMIIBCgKCAQEArJo3CHA8AOG2ZOABp3uYL/ZcwZfMuKCL/6/C4zm7CdNzxuipIA4pxw4XTDodyGTOsdaWa3E729sIVRYCsKZEwLa5E3lzx7cZQn+Hz2vU716jdsKzEeIeZvPbnLGGIjWIUiij46BzjlW6Y0sjwOe7ToUlHP7Nzo76mrBYSq0pn83SZHhE98PVWU8xzYgWvBEsPZF+Ypey3eJaNLcPF5k+Q1KKS+LqQJYKB4emccbXpiePYmDF0mIP1OJSIRyE7WMK60EPIa9M/NUFTz7JkTzAofKN7Ju56lIh0GaFhLX448R4RWvwyqUq27UCY0EqCYR4ObRiglF4+2BXAikYH6KlVQIDAQAB', NULL, 1, 18);
INSERT INTO public.keys (id, notification_key, private_key, public_key, refresh_token, version, user_id) VALUES (19, 'notification_19', 'MIIEuwIBADANBgkqhkiG9w0BAQEFAASCBKUwggShAgEAAoIBAQCsmjcIcDwA4bZk4AGne5gv9lzBl8y4oIv/r8LjObsJ03PG6KkgDinHDhdMOh3IZM6x1pZrcTvb2whVFgKwpkTAtrkTeXPHtxlCf4fPa9TvXqN2wrMR4h5m89ucsYYiNYhSKKPjoHOOVbpjSyPA57tOhSUc/s3OjvqasFhKrSmfzdJkeET3w9VZTzHNiBa8ESw9kX5il7Ld4lo0tw8XmT5DUopL4upAlgoHh6ZxxtemJ49iYMXSYg/U4lIhHITtYwrrQQ8hr0z81QVPPsmRPMCh8o3sm7nqUiHQZoWEtfjjxHhFa/DKpSrbtQJjQSoJhHg5tGKCUXj7YFcCKRgfoqVVAgMBAAECgf9S1FcVOU8bjIO93F3BGhFINwoq6ti+rCpPHUCo5c4+rOxDq3XcAxoFrBwN1MXWleuSadqi+jGgFXmOCxjioJs7OnJMcBRpZv/i5UL2Yd/q0sMsMtZSA1NJdSxuwSL/2tmRKEJ1TZKdg1TwxIvJ5lrftdj7UNy4UIcJIbsr00umWWNhTTXetPcf8PXcGwNkiz5bE6i7R0Iw3CC87Tz1f8ULpTx0TH/pusfpdN2uwKDENmjFFYRAXlxoK9MtfBwawtoEuonHtTGgWcgg830TLldSueJUZKldsbnAsMWops52npQCxJiHjivFqIJbQk7ae8VyDOlhCFI9OG0411FD/vMCgYEAuF0dKCjuZdcw+0Z2DV9DDKYMmBoiBhfxsAW5PlF7fvEZbG4DsgJDLjexOrU1EcSmthklFX4pE83DCSY6hhmTenS28w+L08vyhskvaUQeAzNckhG8F8IjAHnEFCja7tCxi+g03VJaeeDpFjfCHZrQxhvbojIQQO+tGEFfRqrY19MCgYEA76swEK1xnFA53q2Ewkupz49C5EbHKjeu2/nEG521JXmqNRvuMbTow8jmc6ane9YjXwIFQBdlwh0yYbJOX3o1sPRSMndKAeeJb0uhkkSl3lTH58Q6x7BdPGRzHPOtxsk6cGDpxLpPmpQZoTaQeTHbDFNro7XJozkYMLgjCYWFPTcCgYBmEkdeQKscfzODKtOZO7CnhBdc7rr/nKoWxlR1CC/TbDCjM5WgLFh9ciARXNnw6GtUTj+V0q9zY2wj2KJ2NBrOpWfU0jqcHEI+FYzGPwxOwVTzGhaFINq4HLJOZwAvUCO8TedW0Y1+BOOHhX9XXKtRw4KqHgWZrhirYSYaveQoOQKBgQDcoHAsyh2t0cSUEpQF8HUv1yey0N0DJiNX6QL4kSNyjh97qGyLYYhswwIyMJY5T5VcHpYKu/82xH3epa+0AOJwNVl9j4aXXjeMNslTxtISa2VjG6cosFgEAkxduIyeVBvx26UXLpOdLvyxBXPVvWlyXVDXcb9e/G4iW0AVwc433QKBgCpQRAzxuzFwkeWUhE8I7jxF9mJEtlW2NUBfeqqS5skLQNxXjHYQiRQZoCkox5OTcK6aM6/mLlq2u6hIUewNlynInmcHVWQ7z2xD4sXd1Vshko7ZetWBECUkKL/ZlK9YOKP8roHHuhzrstbXdWhpHE1m1jrUfGP2wz6TAcP4u1fO', 'MIIBIjANBgkqhkiG9w0BAQEFAAOCAQ8AMIIBCgKCAQEArJo3CHA8AOG2ZOABp3uYL/ZcwZfMuKCL/6/C4zm7CdNzxuipIA4pxw4XTDodyGTOsdaWa3E729sIVRYCsKZEwLa5E3lzx7cZQn+Hz2vU716jdsKzEeIeZvPbnLGGIjWIUiij46BzjlW6Y0sjwOe7ToUlHP7Nzo76mrBYSq0pn83SZHhE98PVWU8xzYgWvBEsPZF+Ypey3eJaNLcPF5k+Q1KKS+LqQJYKB4emccbXpiePYmDF0mIP1OJSIRyE7WMK60EPIa9M/NUFTz7JkTzAofKN7Ju56lIh0GaFhLX448R4RWvwyqUq27UCY0EqCYR4ObRiglF4+2BXAikYH6KlVQIDAQAB', NULL, 1, 19);
INSERT INTO public.keys (id, notification_key, private_key, public_key, refresh_token, version, user_id) VALUES (20, 'notification_20', 'MIIEuwIBADANBgkqhkiG9w0BAQEFAASCBKUwggShAgEAAoIBAQCsmjcIcDwA4bZk4AGne5gv9lzBl8y4oIv/r8LjObsJ03PG6KkgDinHDhdMOh3IZM6x1pZrcTvb2whVFgKwpkTAtrkTeXPHtxlCf4fPa9TvXqN2wrMR4h5m89ucsYYiNYhSKKPjoHOOVbpjSyPA57tOhSUc/s3OjvqasFhKrSmfzdJkeET3w9VZTzHNiBa8ESw9kX5il7Ld4lo0tw8XmT5DUopL4upAlgoHh6ZxxtemJ49iYMXSYg/U4lIhHITtYwrrQQ8hr0z81QVPPsmRPMCh8o3sm7nqUiHQZoWEtfjjxHhFa/DKpSrbtQJjQSoJhHg5tGKCUXj7YFcCKRgfoqVVAgMBAAECgf9S1FcVOU8bjIO93F3BGhFINwoq6ti+rCpPHUCo5c4+rOxDq3XcAxoFrBwN1MXWleuSadqi+jGgFXmOCxjioJs7OnJMcBRpZv/i5UL2Yd/q0sMsMtZSA1NJdSxuwSL/2tmRKEJ1TZKdg1TwxIvJ5lrftdj7UNy4UIcJIbsr00umWWNhTTXetPcf8PXcGwNkiz5bE6i7R0Iw3CC87Tz1f8ULpTx0TH/pusfpdN2uwKDENmjFFYRAXlxoK9MtfBwawtoEuonHtTGgWcgg830TLldSueJUZKldsbnAsMWops52npQCxJiHjivFqIJbQk7ae8VyDOlhCFI9OG0411FD/vMCgYEAuF0dKCjuZdcw+0Z2DV9DDKYMmBoiBhfxsAW5PlF7fvEZbG4DsgJDLjexOrU1EcSmthklFX4pE83DCSY6hhmTenS28w+L08vyhskvaUQeAzNckhG8F8IjAHnEFCja7tCxi+g03VJaeeDpFjfCHZrQxhvbojIQQO+tGEFfRqrY19MCgYEA76swEK1xnFA53q2Ewkupz49C5EbHKjeu2/nEG521JXmqNRvuMbTow8jmc6ane9YjXwIFQBdlwh0yYbJOX3o1sPRSMndKAeeJb0uhkkSl3lTH58Q6x7BdPGRzHPOtxsk6cGDpxLpPmpQZoTaQeTHbDFNro7XJozkYMLgjCYWFPTcCgYBmEkdeQKscfzODKtOZO7CnhBdc7rr/nKoWxlR1CC/TbDCjM5WgLFh9ciARXNnw6GtUTj+V0q9zY2wj2KJ2NBrOpWfU0jqcHEI+FYzGPwxOwVTzGhaFINq4HLJOZwAvUCO8TedW0Y1+BOOHhX9XXKtRw4KqHgWZrhirYSYaveQoOQKBgQDcoHAsyh2t0cSUEpQF8HUv1yey0N0DJiNX6QL4kSNyjh97qGyLYYhswwIyMJY5T5VcHpYKu/82xH3epa+0AOJwNVl9j4aXXjeMNslTxtISa2VjG6cosFgEAkxduIyeVBvx26UXLpOdLvyxBXPVvWlyXVDXcb9e/G4iW0AVwc433QKBgCpQRAzxuzFwkeWUhE8I7jxF9mJEtlW2NUBfeqqS5skLQNxXjHYQiRQZoCkox5OTcK6aM6/mLlq2u6hIUewNlynInmcHVWQ7z2xD4sXd1Vshko7ZetWBECUkKL/ZlK9YOKP8roHHuhzrstbXdWhpHE1m1jrUfGP2wz6TAcP4u1fO', 'MIIBIjANBgkqhkiG9w0BAQEFAAOCAQ8AMIIBCgKCAQEArJo3CHA8AOG2ZOABp3uYL/ZcwZfMuKCL/6/C4zm7CdNzxuipIA4pxw4XTDodyGTOsdaWa3E729sIVRYCsKZEwLa5E3lzx7cZQn+Hz2vU716jdsKzEeIeZvPbnLGGIjWIUiij46BzjlW6Y0sjwOe7ToUlHP7Nzo76mrBYSq0pn83SZHhE98PVWU8xzYgWvBEsPZF+Ypey3eJaNLcPF5k+Q1KKS+LqQJYKB4emccbXpiePYmDF0mIP1OJSIRyE7WMK60EPIa9M/NUFTz7JkTzAofKN7Ju56lIh0GaFhLX448R4RWvwyqUq27UCY0EqCYR4ObRiglF4+2BXAikYH6KlVQIDAQAB', NULL, 1, 20);
INSERT INTO public.keys (id, notification_key, private_key, public_key, refresh_token, version, user_id) VALUES (21, 'notification_21', 'MIIEuwIBADANBgkqhkiG9w0BAQEFAASCBKUwggShAgEAAoIBAQCsmjcIcDwA4bZk4AGne5gv9lzBl8y4oIv/r8LjObsJ03PG6KkgDinHDhdMOh3IZM6x1pZrcTvb2whVFgKwpkTAtrkTeXPHtxlCf4fPa9TvXqN2wrMR4h5m89ucsYYiNYhSKKPjoHOOVbpjSyPA57tOhSUc/s3OjvqasFhKrSmfzdJkeET3w9VZTzHNiBa8ESw9kX5il7Ld4lo0tw8XmT5DUopL4upAlgoHh6ZxxtemJ49iYMXSYg/U4lIhHITtYwrrQQ8hr0z81QVPPsmRPMCh8o3sm7nqUiHQZoWEtfjjxHhFa/DKpSrbtQJjQSoJhHg5tGKCUXj7YFcCKRgfoqVVAgMBAAECgf9S1FcVOU8bjIO93F3BGhFINwoq6ti+rCpPHUCo5c4+rOxDq3XcAxoFrBwN1MXWleuSadqi+jGgFXmOCxjioJs7OnJMcBRpZv/i5UL2Yd/q0sMsMtZSA1NJdSxuwSL/2tmRKEJ1TZKdg1TwxIvJ5lrftdj7UNy4UIcJIbsr00umWWNhTTXetPcf8PXcGwNkiz5bE6i7R0Iw3CC87Tz1f8ULpTx0TH/pusfpdN2uwKDENmjFFYRAXlxoK9MtfBwawtoEuonHtTGgWcgg830TLldSueJUZKldsbnAsMWops52npQCxJiHjivFqIJbQk7ae8VyDOlhCFI9OG0411FD/vMCgYEAuF0dKCjuZdcw+0Z2DV9DDKYMmBoiBhfxsAW5PlF7fvEZbG4DsgJDLjexOrU1EcSmthklFX4pE83DCSY6hhmTenS28w+L08vyhskvaUQeAzNckhG8F8IjAHnEFCja7tCxi+g03VJaeeDpFjfCHZrQxhvbojIQQO+tGEFfRqrY19MCgYEA76swEK1xnFA53q2Ewkupz49C5EbHKjeu2/nEG521JXmqNRvuMbTow8jmc6ane9YjXwIFQBdlwh0yYbJOX3o1sPRSMndKAeeJb0uhkkSl3lTH58Q6x7BdPGRzHPOtxsk6cGDpxLpPmpQZoTaQeTHbDFNro7XJozkYMLgjCYWFPTcCgYBmEkdeQKscfzODKtOZO7CnhBdc7rr/nKoWxlR1CC/TbDCjM5WgLFh9ciARXNnw6GtUTj+V0q9zY2wj2KJ2NBrOpWfU0jqcHEI+FYzGPwxOwVTzGhaFINq4HLJOZwAvUCO8TedW0Y1+BOOHhX9XXKtRw4KqHgWZrhirYSYaveQoOQKBgQDcoHAsyh2t0cSUEpQF8HUv1yey0N0DJiNX6QL4kSNyjh97qGyLYYhswwIyMJY5T5VcHpYKu/82xH3epa+0AOJwNVl9j4aXXjeMNslTxtISa2VjG6cosFgEAkxduIyeVBvx26UXLpOdLvyxBXPVvWlyXVDXcb9e/G4iW0AVwc433QKBgCpQRAzxuzFwkeWUhE8I7jxF9mJEtlW2NUBfeqqS5skLQNxXjHYQiRQZoCkox5OTcK6aM6/mLlq2u6hIUewNlynInmcHVWQ7z2xD4sXd1Vshko7ZetWBECUkKL/ZlK9YOKP8roHHuhzrstbXdWhpHE1m1jrUfGP2wz6TAcP4u1fO', 'MIIBIjANBgkqhkiG9w0BAQEFAAOCAQ8AMIIBCgKCAQEArJo3CHA8AOG2ZOABp3uYL/ZcwZfMuKCL/6/C4zm7CdNzxuipIA4pxw4XTDodyGTOsdaWa3E729sIVRYCsKZEwLa5E3lzx7cZQn+Hz2vU716jdsKzEeIeZvPbnLGGIjWIUiij46BzjlW6Y0sjwOe7ToUlHP7Nzo76mrBYSq0pn83SZHhE98PVWU8xzYgWvBEsPZF+Ypey3eJaNLcPF5k+Q1KKS+LqQJYKB4emccbXpiePYmDF0mIP1OJSIRyE7WMK60EPIa9M/NUFTz7JkTzAofKN7Ju56lIh0GaFhLX448R4RWvwyqUq27UCY0EqCYR4ObRiglF4+2BXAikYH6KlVQIDAQAB', NULL, 1, 21);
INSERT INTO public.keys (id, notification_key, private_key, public_key, refresh_token, version, user_id) VALUES (22, 'notification_22', 'MIIEuwIBADANBgkqhkiG9w0BAQEFAASCBKUwggShAgEAAoIBAQCsmjcIcDwA4bZk4AGne5gv9lzBl8y4oIv/r8LjObsJ03PG6KkgDinHDhdMOh3IZM6x1pZrcTvb2whVFgKwpkTAtrkTeXPHtxlCf4fPa9TvXqN2wrMR4h5m89ucsYYiNYhSKKPjoHOOVbpjSyPA57tOhSUc/s3OjvqasFhKrSmfzdJkeET3w9VZTzHNiBa8ESw9kX5il7Ld4lo0tw8XmT5DUopL4upAlgoHh6ZxxtemJ49iYMXSYg/U4lIhHITtYwrrQQ8hr0z81QVPPsmRPMCh8o3sm7nqUiHQZoWEtfjjxHhFa/DKpSrbtQJjQSoJhHg5tGKCUXj7YFcCKRgfoqVVAgMBAAECgf9S1FcVOU8bjIO93F3BGhFINwoq6ti+rCpPHUCo5c4+rOxDq3XcAxoFrBwN1MXWleuSadqi+jGgFXmOCxjioJs7OnJMcBRpZv/i5UL2Yd/q0sMsMtZSA1NJdSxuwSL/2tmRKEJ1TZKdg1TwxIvJ5lrftdj7UNy4UIcJIbsr00umWWNhTTXetPcf8PXcGwNkiz5bE6i7R0Iw3CC87Tz1f8ULpTx0TH/pusfpdN2uwKDENmjFFYRAXlxoK9MtfBwawtoEuonHtTGgWcgg830TLldSueJUZKldsbnAsMWops52npQCxJiHjivFqIJbQk7ae8VyDOlhCFI9OG0411FD/vMCgYEAuF0dKCjuZdcw+0Z2DV9DDKYMmBoiBhfxsAW5PlF7fvEZbG4DsgJDLjexOrU1EcSmthklFX4pE83DCSY6hhmTenS28w+L08vyhskvaUQeAzNckhG8F8IjAHnEFCja7tCxi+g03VJaeeDpFjfCHZrQxhvbojIQQO+tGEFfRqrY19MCgYEA76swEK1xnFA53q2Ewkupz49C5EbHKjeu2/nEG521JXmqNRvuMbTow8jmc6ane9YjXwIFQBdlwh0yYbJOX3o1sPRSMndKAeeJb0uhkkSl3lTH58Q6x7BdPGRzHPOtxsk6cGDpxLpPmpQZoTaQeTHbDFNro7XJozkYMLgjCYWFPTcCgYBmEkdeQKscfzODKtOZO7CnhBdc7rr/nKoWxlR1CC/TbDCjM5WgLFh9ciARXNnw6GtUTj+V0q9zY2wj2KJ2NBrOpWfU0jqcHEI+FYzGPwxOwVTzGhaFINq4HLJOZwAvUCO8TedW0Y1+BOOHhX9XXKtRw4KqHgWZrhirYSYaveQoOQKBgQDcoHAsyh2t0cSUEpQF8HUv1yey0N0DJiNX6QL4kSNyjh97qGyLYYhswwIyMJY5T5VcHpYKu/82xH3epa+0AOJwNVl9j4aXXjeMNslTxtISa2VjG6cosFgEAkxduIyeVBvx26UXLpOdLvyxBXPVvWlyXVDXcb9e/G4iW0AVwc433QKBgCpQRAzxuzFwkeWUhE8I7jxF9mJEtlW2NUBfeqqS5skLQNxXjHYQiRQZoCkox5OTcK6aM6/mLlq2u6hIUewNlynInmcHVWQ7z2xD4sXd1Vshko7ZetWBECUkKL/ZlK9YOKP8roHHuhzrstbXdWhpHE1m1jrUfGP2wz6TAcP4u1fO', 'MIIBIjANBgkqhkiG9w0BAQEFAAOCAQ8AMIIBCgKCAQEArJo3CHA8AOG2ZOABp3uYL/ZcwZfMuKCL/6/C4zm7CdNzxuipIA4pxw4XTDodyGTOsdaWa3E729sIVRYCsKZEwLa5E3lzx7cZQn+Hz2vU716jdsKzEeIeZvPbnLGGIjWIUiij46BzjlW6Y0sjwOe7ToUlHP7Nzo76mrBYSq0pn83SZHhE98PVWU8xzYgWvBEsPZF+Ypey3eJaNLcPF5k+Q1KKS+LqQJYKB4emccbXpiePYmDF0mIP1OJSIRyE7WMK60EPIa9M/NUFTz7JkTzAofKN7Ju56lIh0GaFhLX448R4RWvwyqUq27UCY0EqCYR4ObRiglF4+2BXAikYH6KlVQIDAQAB', NULL, 1, 22);
INSERT INTO public.keys (id, notification_key, private_key, public_key, refresh_token, version, user_id) VALUES (23, 'notification_23', 'MIIEuwIBADANBgkqhkiG9w0BAQEFAASCBKUwggShAgEAAoIBAQCsmjcIcDwA4bZk4AGne5gv9lzBl8y4oIv/r8LjObsJ03PG6KkgDinHDhdMOh3IZM6x1pZrcTvb2whVFgKwpkTAtrkTeXPHtxlCf4fPa9TvXqN2wrMR4h5m89ucsYYiNYhSKKPjoHOOVbpjSyPA57tOhSUc/s3OjvqasFhKrSmfzdJkeET3w9VZTzHNiBa8ESw9kX5il7Ld4lo0tw8XmT5DUopL4upAlgoHh6ZxxtemJ49iYMXSYg/U4lIhHITtYwrrQQ8hr0z81QVPPsmRPMCh8o3sm7nqUiHQZoWEtfjjxHhFa/DKpSrbtQJjQSoJhHg5tGKCUXj7YFcCKRgfoqVVAgMBAAECgf9S1FcVOU8bjIO93F3BGhFINwoq6ti+rCpPHUCo5c4+rOxDq3XcAxoFrBwN1MXWleuSadqi+jGgFXmOCxjioJs7OnJMcBRpZv/i5UL2Yd/q0sMsMtZSA1NJdSxuwSL/2tmRKEJ1TZKdg1TwxIvJ5lrftdj7UNy4UIcJIbsr00umWWNhTTXetPcf8PXcGwNkiz5bE6i7R0Iw3CC87Tz1f8ULpTx0TH/pusfpdN2uwKDENmjFFYRAXlxoK9MtfBwawtoEuonHtTGgWcgg830TLldSueJUZKldsbnAsMWops52npQCxJiHjivFqIJbQk7ae8VyDOlhCFI9OG0411FD/vMCgYEAuF0dKCjuZdcw+0Z2DV9DDKYMmBoiBhfxsAW5PlF7fvEZbG4DsgJDLjexOrU1EcSmthklFX4pE83DCSY6hhmTenS28w+L08vyhskvaUQeAzNckhG8F8IjAHnEFCja7tCxi+g03VJaeeDpFjfCHZrQxhvbojIQQO+tGEFfRqrY19MCgYEA76swEK1xnFA53q2Ewkupz49C5EbHKjeu2/nEG521JXmqNRvuMbTow8jmc6ane9YjXwIFQBdlwh0yYbJOX3o1sPRSMndKAeeJb0uhkkSl3lTH58Q6x7BdPGRzHPOtxsk6cGDpxLpPmpQZoTaQeTHbDFNro7XJozkYMLgjCYWFPTcCgYBmEkdeQKscfzODKtOZO7CnhBdc7rr/nKoWxlR1CC/TbDCjM5WgLFh9ciARXNnw6GtUTj+V0q9zY2wj2KJ2NBrOpWfU0jqcHEI+FYzGPwxOwVTzGhaFINq4HLJOZwAvUCO8TedW0Y1+BOOHhX9XXKtRw4KqHgWZrhirYSYaveQoOQKBgQDcoHAsyh2t0cSUEpQF8HUv1yey0N0DJiNX6QL4kSNyjh97qGyLYYhswwIyMJY5T5VcHpYKu/82xH3epa+0AOJwNVl9j4aXXjeMNslTxtISa2VjG6cosFgEAkxduIyeVBvx26UXLpOdLvyxBXPVvWlyXVDXcb9e/G4iW0AVwc433QKBgCpQRAzxuzFwkeWUhE8I7jxF9mJEtlW2NUBfeqqS5skLQNxXjHYQiRQZoCkox5OTcK6aM6/mLlq2u6hIUewNlynInmcHVWQ7z2xD4sXd1Vshko7ZetWBECUkKL/ZlK9YOKP8roHHuhzrstbXdWhpHE1m1jrUfGP2wz6TAcP4u1fO', 'MIIBIjANBgkqhkiG9w0BAQEFAAOCAQ8AMIIBCgKCAQEArJo3CHA8AOG2ZOABp3uYL/ZcwZfMuKCL/6/C4zm7CdNzxuipIA4pxw4XTDodyGTOsdaWa3E729sIVRYCsKZEwLa5E3lzx7cZQn+Hz2vU716jdsKzEeIeZvPbnLGGIjWIUiij46BzjlW6Y0sjwOe7ToUlHP7Nzo76mrBYSq0pn83SZHhE98PVWU8xzYgWvBEsPZF+Ypey3eJaNLcPF5k+Q1KKS+LqQJYKB4emccbXpiePYmDF0mIP1OJSIRyE7WMK60EPIa9M/NUFTz7JkTzAofKN7Ju56lIh0GaFhLX448R4RWvwyqUq27UCY0EqCYR4ObRiglF4+2BXAikYH6KlVQIDAQAB', NULL, 1, 23);
INSERT INTO public.keys (id, notification_key, private_key, public_key, refresh_token, version, user_id) VALUES (24, 'notification_24', 'MIIEuwIBADANBgkqhkiG9w0BAQEFAASCBKUwggShAgEAAoIBAQCsmjcIcDwA4bZk4AGne5gv9lzBl8y4oIv/r8LjObsJ03PG6KkgDinHDhdMOh3IZM6x1pZrcTvb2whVFgKwpkTAtrkTeXPHtxlCf4fPa9TvXqN2wrMR4h5m89ucsYYiNYhSKKPjoHOOVbpjSyPA57tOhSUc/s3OjvqasFhKrSmfzdJkeET3w9VZTzHNiBa8ESw9kX5il7Ld4lo0tw8XmT5DUopL4upAlgoHh6ZxxtemJ49iYMXSYg/U4lIhHITtYwrrQQ8hr0z81QVPPsmRPMCh8o3sm7nqUiHQZoWEtfjjxHhFa/DKpSrbtQJjQSoJhHg5tGKCUXj7YFcCKRgfoqVVAgMBAAECgf9S1FcVOU8bjIO93F3BGhFINwoq6ti+rCpPHUCo5c4+rOxDq3XcAxoFrBwN1MXWleuSadqi+jGgFXmOCxjioJs7OnJMcBRpZv/i5UL2Yd/q0sMsMtZSA1NJdSxuwSL/2tmRKEJ1TZKdg1TwxIvJ5lrftdj7UNy4UIcJIbsr00umWWNhTTXetPcf8PXcGwNkiz5bE6i7R0Iw3CC87Tz1f8ULpTx0TH/pusfpdN2uwKDENmjFFYRAXlxoK9MtfBwawtoEuonHtTGgWcgg830TLldSueJUZKldsbnAsMWops52npQCxJiHjivFqIJbQk7ae8VyDOlhCFI9OG0411FD/vMCgYEAuF0dKCjuZdcw+0Z2DV9DDKYMmBoiBhfxsAW5PlF7fvEZbG4DsgJDLjexOrU1EcSmthklFX4pE83DCSY6hhmTenS28w+L08vyhskvaUQeAzNckhG8F8IjAHnEFCja7tCxi+g03VJaeeDpFjfCHZrQxhvbojIQQO+tGEFfRqrY19MCgYEA76swEK1xnFA53q2Ewkupz49C5EbHKjeu2/nEG521JXmqNRvuMbTow8jmc6ane9YjXwIFQBdlwh0yYbJOX3o1sPRSMndKAeeJb0uhkkSl3lTH58Q6x7BdPGRzHPOtxsk6cGDpxLpPmpQZoTaQeTHbDFNro7XJozkYMLgjCYWFPTcCgYBmEkdeQKscfzODKtOZO7CnhBdc7rr/nKoWxlR1CC/TbDCjM5WgLFh9ciARXNnw6GtUTj+V0q9zY2wj2KJ2NBrOpWfU0jqcHEI+FYzGPwxOwVTzGhaFINq4HLJOZwAvUCO8TedW0Y1+BOOHhX9XXKtRw4KqHgWZrhirYSYaveQoOQKBgQDcoHAsyh2t0cSUEpQF8HUv1yey0N0DJiNX6QL4kSNyjh97qGyLYYhswwIyMJY5T5VcHpYKu/82xH3epa+0AOJwNVl9j4aXXjeMNslTxtISa2VjG6cosFgEAkxduIyeVBvx26UXLpOdLvyxBXPVvWlyXVDXcb9e/G4iW0AVwc433QKBgCpQRAzxuzFwkeWUhE8I7jxF9mJEtlW2NUBfeqqS5skLQNxXjHYQiRQZoCkox5OTcK6aM6/mLlq2u6hIUewNlynInmcHVWQ7z2xD4sXd1Vshko7ZetWBECUkKL/ZlK9YOKP8roHHuhzrstbXdWhpHE1m1jrUfGP2wz6TAcP4u1fO', 'MIIBIjANBgkqhkiG9w0BAQEFAAOCAQ8AMIIBCgKCAQEArJo3CHA8AOG2ZOABp3uYL/ZcwZfMuKCL/6/C4zm7CdNzxuipIA4pxw4XTDodyGTOsdaWa3E729sIVRYCsKZEwLa5E3lzx7cZQn+Hz2vU716jdsKzEeIeZvPbnLGGIjWIUiij46BzjlW6Y0sjwOe7ToUlHP7Nzo76mrBYSq0pn83SZHhE98PVWU8xzYgWvBEsPZF+Ypey3eJaNLcPF5k+Q1KKS+LqQJYKB4emccbXpiePYmDF0mIP1OJSIRyE7WMK60EPIa9M/NUFTz7JkTzAofKN7Ju56lIh0GaFhLX448R4RWvwyqUq27UCY0EqCYR4ObRiglF4+2BXAikYH6KlVQIDAQAB', NULL, 1, 24);
INSERT INTO public.keys (id, notification_key, private_key, public_key, refresh_token, version, user_id) VALUES (25, 'notification_25', 'MIIEuwIBADANBgkqhkiG9w0BAQEFAASCBKUwggShAgEAAoIBAQCsmjcIcDwA4bZk4AGne5gv9lzBl8y4oIv/r8LjObsJ03PG6KkgDinHDhdMOh3IZM6x1pZrcTvb2whVFgKwpkTAtrkTeXPHtxlCf4fPa9TvXqN2wrMR4h5m89ucsYYiNYhSKKPjoHOOVbpjSyPA57tOhSUc/s3OjvqasFhKrSmfzdJkeET3w9VZTzHNiBa8ESw9kX5il7Ld4lo0tw8XmT5DUopL4upAlgoHh6ZxxtemJ49iYMXSYg/U4lIhHITtYwrrQQ8hr0z81QVPPsmRPMCh8o3sm7nqUiHQZoWEtfjjxHhFa/DKpSrbtQJjQSoJhHg5tGKCUXj7YFcCKRgfoqVVAgMBAAECgf9S1FcVOU8bjIO93F3BGhFINwoq6ti+rCpPHUCo5c4+rOxDq3XcAxoFrBwN1MXWleuSadqi+jGgFXmOCxjioJs7OnJMcBRpZv/i5UL2Yd/q0sMsMtZSA1NJdSxuwSL/2tmRKEJ1TZKdg1TwxIvJ5lrftdj7UNy4UIcJIbsr00umWWNhTTXetPcf8PXcGwNkiz5bE6i7R0Iw3CC87Tz1f8ULpTx0TH/pusfpdN2uwKDENmjFFYRAXlxoK9MtfBwawtoEuonHtTGgWcgg830TLldSueJUZKldsbnAsMWops52npQCxJiHjivFqIJbQk7ae8VyDOlhCFI9OG0411FD/vMCgYEAuF0dKCjuZdcw+0Z2DV9DDKYMmBoiBhfxsAW5PlF7fvEZbG4DsgJDLjexOrU1EcSmthklFX4pE83DCSY6hhmTenS28w+L08vyhskvaUQeAzNckhG8F8IjAHnEFCja7tCxi+g03VJaeeDpFjfCHZrQxhvbojIQQO+tGEFfRqrY19MCgYEA76swEK1xnFA53q2Ewkupz49C5EbHKjeu2/nEG521JXmqNRvuMbTow8jmc6ane9YjXwIFQBdlwh0yYbJOX3o1sPRSMndKAeeJb0uhkkSl3lTH58Q6x7BdPGRzHPOtxsk6cGDpxLpPmpQZoTaQeTHbDFNro7XJozkYMLgjCYWFPTcCgYBmEkdeQKscfzODKtOZO7CnhBdc7rr/nKoWxlR1CC/TbDCjM5WgLFh9ciARXNnw6GtUTj+V0q9zY2wj2KJ2NBrOpWfU0jqcHEI+FYzGPwxOwVTzGhaFINq4HLJOZwAvUCO8TedW0Y1+BOOHhX9XXKtRw4KqHgWZrhirYSYaveQoOQKBgQDcoHAsyh2t0cSUEpQF8HUv1yey0N0DJiNX6QL4kSNyjh97qGyLYYhswwIyMJY5T5VcHpYKu/82xH3epa+0AOJwNVl9j4aXXjeMNslTxtISa2VjG6cosFgEAkxduIyeVBvx26UXLpOdLvyxBXPVvWlyXVDXcb9e/G4iW0AVwc433QKBgCpQRAzxuzFwkeWUhE8I7jxF9mJEtlW2NUBfeqqS5skLQNxXjHYQiRQZoCkox5OTcK6aM6/mLlq2u6hIUewNlynInmcHVWQ7z2xD4sXd1Vshko7ZetWBECUkKL/ZlK9YOKP8roHHuhzrstbXdWhpHE1m1jrUfGP2wz6TAcP4u1fO', 'MIIBIjANBgkqhkiG9w0BAQEFAAOCAQ8AMIIBCgKCAQEArJo3CHA8AOG2ZOABp3uYL/ZcwZfMuKCL/6/C4zm7CdNzxuipIA4pxw4XTDodyGTOsdaWa3E729sIVRYCsKZEwLa5E3lzx7cZQn+Hz2vU716jdsKzEeIeZvPbnLGGIjWIUiij46BzjlW6Y0sjwOe7ToUlHP7Nzo76mrBYSq0pn83SZHhE98PVWU8xzYgWvBEsPZF+Ypey3eJaNLcPF5k+Q1KKS+LqQJYKB4emccbXpiePYmDF0mIP1OJSIRyE7WMK60EPIa9M/NUFTz7JkTzAofKN7Ju56lIh0GaFhLX448R4RWvwyqUq27UCY0EqCYR4ObRiglF4+2BXAikYH6KlVQIDAQAB', NULL, 1, 25);
INSERT INTO public.keys (id, notification_key, private_key, public_key, refresh_token, version, user_id) VALUES (26, 'notification_26', 'MIIEuwIBADANBgkqhkiG9w0BAQEFAASCBKUwggShAgEAAoIBAQCsmjcIcDwA4bZk4AGne5gv9lzBl8y4oIv/r8LjObsJ03PG6KkgDinHDhdMOh3IZM6x1pZrcTvb2whVFgKwpkTAtrkTeXPHtxlCf4fPa9TvXqN2wrMR4h5m89ucsYYiNYhSKKPjoHOOVbpjSyPA57tOhSUc/s3OjvqasFhKrSmfzdJkeET3w9VZTzHNiBa8ESw9kX5il7Ld4lo0tw8XmT5DUopL4upAlgoHh6ZxxtemJ49iYMXSYg/U4lIhHITtYwrrQQ8hr0z81QVPPsmRPMCh8o3sm7nqUiHQZoWEtfjjxHhFa/DKpSrbtQJjQSoJhHg5tGKCUXj7YFcCKRgfoqVVAgMBAAECgf9S1FcVOU8bjIO93F3BGhFINwoq6ti+rCpPHUCo5c4+rOxDq3XcAxoFrBwN1MXWleuSadqi+jGgFXmOCxjioJs7OnJMcBRpZv/i5UL2Yd/q0sMsMtZSA1NJdSxuwSL/2tmRKEJ1TZKdg1TwxIvJ5lrftdj7UNy4UIcJIbsr00umWWNhTTXetPcf8PXcGwNkiz5bE6i7R0Iw3CC87Tz1f8ULpTx0TH/pusfpdN2uwKDENmjFFYRAXlxoK9MtfBwawtoEuonHtTGgWcgg830TLldSueJUZKldsbnAsMWops52npQCxJiHjivFqIJbQk7ae8VyDOlhCFI9OG0411FD/vMCgYEAuF0dKCjuZdcw+0Z2DV9DDKYMmBoiBhfxsAW5PlF7fvEZbG4DsgJDLjexOrU1EcSmthklFX4pE83DCSY6hhmTenS28w+L08vyhskvaUQeAzNckhG8F8IjAHnEFCja7tCxi+g03VJaeeDpFjfCHZrQxhvbojIQQO+tGEFfRqrY19MCgYEA76swEK1xnFA53q2Ewkupz49C5EbHKjeu2/nEG521JXmqNRvuMbTow8jmc6ane9YjXwIFQBdlwh0yYbJOX3o1sPRSMndKAeeJb0uhkkSl3lTH58Q6x7BdPGRzHPOtxsk6cGDpxLpPmpQZoTaQeTHbDFNro7XJozkYMLgjCYWFPTcCgYBmEkdeQKscfzODKtOZO7CnhBdc7rr/nKoWxlR1CC/TbDCjM5WgLFh9ciARXNnw6GtUTj+V0q9zY2wj2KJ2NBrOpWfU0jqcHEI+FYzGPwxOwVTzGhaFINq4HLJOZwAvUCO8TedW0Y1+BOOHhX9XXKtRw4KqHgWZrhirYSYaveQoOQKBgQDcoHAsyh2t0cSUEpQF8HUv1yey0N0DJiNX6QL4kSNyjh97qGyLYYhswwIyMJY5T5VcHpYKu/82xH3epa+0AOJwNVl9j4aXXjeMNslTxtISa2VjG6cosFgEAkxduIyeVBvx26UXLpOdLvyxBXPVvWlyXVDXcb9e/G4iW0AVwc433QKBgCpQRAzxuzFwkeWUhE8I7jxF9mJEtlW2NUBfeqqS5skLQNxXjHYQiRQZoCkox5OTcK6aM6/mLlq2u6hIUewNlynInmcHVWQ7z2xD4sXd1Vshko7ZetWBECUkKL/ZlK9YOKP8roHHuhzrstbXdWhpHE1m1jrUfGP2wz6TAcP4u1fO', 'MIIBIjANBgkqhkiG9w0BAQEFAAOCAQ8AMIIBCgKCAQEArJo3CHA8AOG2ZOABp3uYL/ZcwZfMuKCL/6/C4zm7CdNzxuipIA4pxw4XTDodyGTOsdaWa3E729sIVRYCsKZEwLa5E3lzx7cZQn+Hz2vU716jdsKzEeIeZvPbnLGGIjWIUiij46BzjlW6Y0sjwOe7ToUlHP7Nzo76mrBYSq0pn83SZHhE98PVWU8xzYgWvBEsPZF+Ypey3eJaNLcPF5k+Q1KKS+LqQJYKB4emccbXpiePYmDF0mIP1OJSIRyE7WMK60EPIa9M/NUFTz7JkTzAofKN7Ju56lIh0GaFhLX448R4RWvwyqUq27UCY0EqCYR4ObRiglF4+2BXAikYH6KlVQIDAQAB', NULL, 1, 26);
INSERT INTO public.keys (id, notification_key, private_key, public_key, refresh_token, version, user_id) VALUES (27, 'notification_27', 'MIIEuwIBADANBgkqhkiG9w0BAQEFAASCBKUwggShAgEAAoIBAQCsmjcIcDwA4bZk4AGne5gv9lzBl8y4oIv/r8LjObsJ03PG6KkgDinHDhdMOh3IZM6x1pZrcTvb2whVFgKwpkTAtrkTeXPHtxlCf4fPa9TvXqN2wrMR4h5m89ucsYYiNYhSKKPjoHOOVbpjSyPA57tOhSUc/s3OjvqasFhKrSmfzdJkeET3w9VZTzHNiBa8ESw9kX5il7Ld4lo0tw8XmT5DUopL4upAlgoHh6ZxxtemJ49iYMXSYg/U4lIhHITtYwrrQQ8hr0z81QVPPsmRPMCh8o3sm7nqUiHQZoWEtfjjxHhFa/DKpSrbtQJjQSoJhHg5tGKCUXj7YFcCKRgfoqVVAgMBAAECgf9S1FcVOU8bjIO93F3BGhFINwoq6ti+rCpPHUCo5c4+rOxDq3XcAxoFrBwN1MXWleuSadqi+jGgFXmOCxjioJs7OnJMcBRpZv/i5UL2Yd/q0sMsMtZSA1NJdSxuwSL/2tmRKEJ1TZKdg1TwxIvJ5lrftdj7UNy4UIcJIbsr00umWWNhTTXetPcf8PXcGwNkiz5bE6i7R0Iw3CC87Tz1f8ULpTx0TH/pusfpdN2uwKDENmjFFYRAXlxoK9MtfBwawtoEuonHtTGgWcgg830TLldSueJUZKldsbnAsMWops52npQCxJiHjivFqIJbQk7ae8VyDOlhCFI9OG0411FD/vMCgYEAuF0dKCjuZdcw+0Z2DV9DDKYMmBoiBhfxsAW5PlF7fvEZbG4DsgJDLjexOrU1EcSmthklFX4pE83DCSY6hhmTenS28w+L08vyhskvaUQeAzNckhG8F8IjAHnEFCja7tCxi+g03VJaeeDpFjfCHZrQxhvbojIQQO+tGEFfRqrY19MCgYEA76swEK1xnFA53q2Ewkupz49C5EbHKjeu2/nEG521JXmqNRvuMbTow8jmc6ane9YjXwIFQBdlwh0yYbJOX3o1sPRSMndKAeeJb0uhkkSl3lTH58Q6x7BdPGRzHPOtxsk6cGDpxLpPmpQZoTaQeTHbDFNro7XJozkYMLgjCYWFPTcCgYBmEkdeQKscfzODKtOZO7CnhBdc7rr/nKoWxlR1CC/TbDCjM5WgLFh9ciARXNnw6GtUTj+V0q9zY2wj2KJ2NBrOpWfU0jqcHEI+FYzGPwxOwVTzGhaFINq4HLJOZwAvUCO8TedW0Y1+BOOHhX9XXKtRw4KqHgWZrhirYSYaveQoOQKBgQDcoHAsyh2t0cSUEpQF8HUv1yey0N0DJiNX6QL4kSNyjh97qGyLYYhswwIyMJY5T5VcHpYKu/82xH3epa+0AOJwNVl9j4aXXjeMNslTxtISa2VjG6cosFgEAkxduIyeVBvx26UXLpOdLvyxBXPVvWlyXVDXcb9e/G4iW0AVwc433QKBgCpQRAzxuzFwkeWUhE8I7jxF9mJEtlW2NUBfeqqS5skLQNxXjHYQiRQZoCkox5OTcK6aM6/mLlq2u6hIUewNlynInmcHVWQ7z2xD4sXd1Vshko7ZetWBECUkKL/ZlK9YOKP8roHHuhzrstbXdWhpHE1m1jrUfGP2wz6TAcP4u1fO', 'MIIBIjANBgkqhkiG9w0BAQEFAAOCAQ8AMIIBCgKCAQEArJo3CHA8AOG2ZOABp3uYL/ZcwZfMuKCL/6/C4zm7CdNzxuipIA4pxw4XTDodyGTOsdaWa3E729sIVRYCsKZEwLa5E3lzx7cZQn+Hz2vU716jdsKzEeIeZvPbnLGGIjWIUiij46BzjlW6Y0sjwOe7ToUlHP7Nzo76mrBYSq0pn83SZHhE98PVWU8xzYgWvBEsPZF+Ypey3eJaNLcPF5k+Q1KKS+LqQJYKB4emccbXpiePYmDF0mIP1OJSIRyE7WMK60EPIa9M/NUFTz7JkTzAofKN7Ju56lIh0GaFhLX448R4RWvwyqUq27UCY0EqCYR4ObRiglF4+2BXAikYH6KlVQIDAQAB', NULL, 1, 27);
INSERT INTO public.keys (id, notification_key, private_key, public_key, refresh_token, version, user_id) VALUES (28, 'notification_28', 'MIIEuwIBADANBgkqhkiG9w0BAQEFAASCBKUwggShAgEAAoIBAQCsmjcIcDwA4bZk4AGne5gv9lzBl8y4oIv/r8LjObsJ03PG6KkgDinHDhdMOh3IZM6x1pZrcTvb2whVFgKwpkTAtrkTeXPHtxlCf4fPa9TvXqN2wrMR4h5m89ucsYYiNYhSKKPjoHOOVbpjSyPA57tOhSUc/s3OjvqasFhKrSmfzdJkeET3w9VZTzHNiBa8ESw9kX5il7Ld4lo0tw8XmT5DUopL4upAlgoHh6ZxxtemJ49iYMXSYg/U4lIhHITtYwrrQQ8hr0z81QVPPsmRPMCh8o3sm7nqUiHQZoWEtfjjxHhFa/DKpSrbtQJjQSoJhHg5tGKCUXj7YFcCKRgfoqVVAgMBAAECgf9S1FcVOU8bjIO93F3BGhFINwoq6ti+rCpPHUCo5c4+rOxDq3XcAxoFrBwN1MXWleuSadqi+jGgFXmOCxjioJs7OnJMcBRpZv/i5UL2Yd/q0sMsMtZSA1NJdSxuwSL/2tmRKEJ1TZKdg1TwxIvJ5lrftdj7UNy4UIcJIbsr00umWWNhTTXetPcf8PXcGwNkiz5bE6i7R0Iw3CC87Tz1f8ULpTx0TH/pusfpdN2uwKDENmjFFYRAXlxoK9MtfBwawtoEuonHtTGgWcgg830TLldSueJUZKldsbnAsMWops52npQCxJiHjivFqIJbQk7ae8VyDOlhCFI9OG0411FD/vMCgYEAuF0dKCjuZdcw+0Z2DV9DDKYMmBoiBhfxsAW5PlF7fvEZbG4DsgJDLjexOrU1EcSmthklFX4pE83DCSY6hhmTenS28w+L08vyhskvaUQeAzNckhG8F8IjAHnEFCja7tCxi+g03VJaeeDpFjfCHZrQxhvbojIQQO+tGEFfRqrY19MCgYEA76swEK1xnFA53q2Ewkupz49C5EbHKjeu2/nEG521JXmqNRvuMbTow8jmc6ane9YjXwIFQBdlwh0yYbJOX3o1sPRSMndKAeeJb0uhkkSl3lTH58Q6x7BdPGRzHPOtxsk6cGDpxLpPmpQZoTaQeTHbDFNro7XJozkYMLgjCYWFPTcCgYBmEkdeQKscfzODKtOZO7CnhBdc7rr/nKoWxlR1CC/TbDCjM5WgLFh9ciARXNnw6GtUTj+V0q9zY2wj2KJ2NBrOpWfU0jqcHEI+FYzGPwxOwVTzGhaFINq4HLJOZwAvUCO8TedW0Y1+BOOHhX9XXKtRw4KqHgWZrhirYSYaveQoOQKBgQDcoHAsyh2t0cSUEpQF8HUv1yey0N0DJiNX6QL4kSNyjh97qGyLYYhswwIyMJY5T5VcHpYKu/82xH3epa+0AOJwNVl9j4aXXjeMNslTxtISa2VjG6cosFgEAkxduIyeVBvx26UXLpOdLvyxBXPVvWlyXVDXcb9e/G4iW0AVwc433QKBgCpQRAzxuzFwkeWUhE8I7jxF9mJEtlW2NUBfeqqS5skLQNxXjHYQiRQZoCkox5OTcK6aM6/mLlq2u6hIUewNlynInmcHVWQ7z2xD4sXd1Vshko7ZetWBECUkKL/ZlK9YOKP8roHHuhzrstbXdWhpHE1m1jrUfGP2wz6TAcP4u1fO', 'MIIBIjANBgkqhkiG9w0BAQEFAAOCAQ8AMIIBCgKCAQEArJo3CHA8AOG2ZOABp3uYL/ZcwZfMuKCL/6/C4zm7CdNzxuipIA4pxw4XTDodyGTOsdaWa3E729sIVRYCsKZEwLa5E3lzx7cZQn+Hz2vU716jdsKzEeIeZvPbnLGGIjWIUiij46BzjlW6Y0sjwOe7ToUlHP7Nzo76mrBYSq0pn83SZHhE98PVWU8xzYgWvBEsPZF+Ypey3eJaNLcPF5k+Q1KKS+LqQJYKB4emccbXpiePYmDF0mIP1OJSIRyE7WMK60EPIa9M/NUFTz7JkTzAofKN7Ju56lIh0GaFhLX448R4RWvwyqUq27UCY0EqCYR4ObRiglF4+2BXAikYH6KlVQIDAQAB', NULL, 1, 28);
INSERT INTO public.keys (id, notification_key, private_key, public_key, refresh_token, version, user_id) VALUES (31, 'notification_31', 'MIIEuwIBADANBgkqhkiG9w0BAQEFAASCBKUwggShAgEAAoIBAQCsmjcIcDwA4bZk4AGne5gv9lzBl8y4oIv/r8LjObsJ03PG6KkgDinHDhdMOh3IZM6x1pZrcTvb2whVFgKwpkTAtrkTeXPHtxlCf4fPa9TvXqN2wrMR4h5m89ucsYYiNYhSKKPjoHOOVbpjSyPA57tOhSUc/s3OjvqasFhKrSmfzdJkeET3w9VZTzHNiBa8ESw9kX5il7Ld4lo0tw8XmT5DUopL4upAlgoHh6ZxxtemJ49iYMXSYg/U4lIhHITtYwrrQQ8hr0z81QVPPsmRPMCh8o3sm7nqUiHQZoWEtfjjxHhFa/DKpSrbtQJjQSoJhHg5tGKCUXj7YFcCKRgfoqVVAgMBAAECgf9S1FcVOU8bjIO93F3BGhFINwoq6ti+rCpPHUCo5c4+rOxDq3XcAxoFrBwN1MXWleuSadqi+jGgFXmOCxjioJs7OnJMcBRpZv/i5UL2Yd/q0sMsMtZSA1NJdSxuwSL/2tmRKEJ1TZKdg1TwxIvJ5lrftdj7UNy4UIcJIbsr00umWWNhTTXetPcf8PXcGwNkiz5bE6i7R0Iw3CC87Tz1f8ULpTx0TH/pusfpdN2uwKDENmjFFYRAXlxoK9MtfBwawtoEuonHtTGgWcgg830TLldSueJUZKldsbnAsMWops52npQCxJiHjivFqIJbQk7ae8VyDOlhCFI9OG0411FD/vMCgYEAuF0dKCjuZdcw+0Z2DV9DDKYMmBoiBhfxsAW5PlF7fvEZbG4DsgJDLjexOrU1EcSmthklFX4pE83DCSY6hhmTenS28w+L08vyhskvaUQeAzNckhG8F8IjAHnEFCja7tCxi+g03VJaeeDpFjfCHZrQxhvbojIQQO+tGEFfRqrY19MCgYEA76swEK1xnFA53q2Ewkupz49C5EbHKjeu2/nEG521JXmqNRvuMbTow8jmc6ane9YjXwIFQBdlwh0yYbJOX3o1sPRSMndKAeeJb0uhkkSl3lTH58Q6x7BdPGRzHPOtxsk6cGDpxLpPmpQZoTaQeTHbDFNro7XJozkYMLgjCYWFPTcCgYBmEkdeQKscfzODKtOZO7CnhBdc7rr/nKoWxlR1CC/TbDCjM5WgLFh9ciARXNnw6GtUTj+V0q9zY2wj2KJ2NBrOpWfU0jqcHEI+FYzGPwxOwVTzGhaFINq4HLJOZwAvUCO8TedW0Y1+BOOHhX9XXKtRw4KqHgWZrhirYSYaveQoOQKBgQDcoHAsyh2t0cSUEpQF8HUv1yey0N0DJiNX6QL4kSNyjh97qGyLYYhswwIyMJY5T5VcHpYKu/82xH3epa+0AOJwNVl9j4aXXjeMNslTxtISa2VjG6cosFgEAkxduIyeVBvx26UXLpOdLvyxBXPVvWlyXVDXcb9e/G4iW0AVwc433QKBgCpQRAzxuzFwkeWUhE8I7jxF9mJEtlW2NUBfeqqS5skLQNxXjHYQiRQZoCkox5OTcK6aM6/mLlq2u6hIUewNlynInmcHVWQ7z2xD4sXd1Vshko7ZetWBECUkKL/ZlK9YOKP8roHHuhzrstbXdWhpHE1m1jrUfGP2wz6TAcP4u1fO', 'MIIBIjANBgkqhkiG9w0BAQEFAAOCAQ8AMIIBCgKCAQEArJo3CHA8AOG2ZOABp3uYL/ZcwZfMuKCL/6/C4zm7CdNzxuipIA4pxw4XTDodyGTOsdaWa3E729sIVRYCsKZEwLa5E3lzx7cZQn+Hz2vU716jdsKzEeIeZvPbnLGGIjWIUiij46BzjlW6Y0sjwOe7ToUlHP7Nzo76mrBYSq0pn83SZHhE98PVWU8xzYgWvBEsPZF+Ypey3eJaNLcPF5k+Q1KKS+LqQJYKB4emccbXpiePYmDF0mIP1OJSIRyE7WMK60EPIa9M/NUFTz7JkTzAofKN7Ju56lIh0GaFhLX448R4RWvwyqUq27UCY0EqCYR4ObRiglF4+2BXAikYH6KlVQIDAQAB', NULL, 1, 31);
INSERT INTO public.keys (id, notification_key, private_key, public_key, refresh_token, version, user_id) VALUES (32, 'notification_32', 'MIIEuwIBADANBgkqhkiG9w0BAQEFAASCBKUwggShAgEAAoIBAQCsmjcIcDwA4bZk4AGne5gv9lzBl8y4oIv/r8LjObsJ03PG6KkgDinHDhdMOh3IZM6x1pZrcTvb2whVFgKwpkTAtrkTeXPHtxlCf4fPa9TvXqN2wrMR4h5m89ucsYYiNYhSKKPjoHOOVbpjSyPA57tOhSUc/s3OjvqasFhKrSmfzdJkeET3w9VZTzHNiBa8ESw9kX5il7Ld4lo0tw8XmT5DUopL4upAlgoHh6ZxxtemJ49iYMXSYg/U4lIhHITtYwrrQQ8hr0z81QVPPsmRPMCh8o3sm7nqUiHQZoWEtfjjxHhFa/DKpSrbtQJjQSoJhHg5tGKCUXj7YFcCKRgfoqVVAgMBAAECgf9S1FcVOU8bjIO93F3BGhFINwoq6ti+rCpPHUCo5c4+rOxDq3XcAxoFrBwN1MXWleuSadqi+jGgFXmOCxjioJs7OnJMcBRpZv/i5UL2Yd/q0sMsMtZSA1NJdSxuwSL/2tmRKEJ1TZKdg1TwxIvJ5lrftdj7UNy4UIcJIbsr00umWWNhTTXetPcf8PXcGwNkiz5bE6i7R0Iw3CC87Tz1f8ULpTx0TH/pusfpdN2uwKDENmjFFYRAXlxoK9MtfBwawtoEuonHtTGgWcgg830TLldSueJUZKldsbnAsMWops52npQCxJiHjivFqIJbQk7ae8VyDOlhCFI9OG0411FD/vMCgYEAuF0dKCjuZdcw+0Z2DV9DDKYMmBoiBhfxsAW5PlF7fvEZbG4DsgJDLjexOrU1EcSmthklFX4pE83DCSY6hhmTenS28w+L08vyhskvaUQeAzNckhG8F8IjAHnEFCja7tCxi+g03VJaeeDpFjfCHZrQxhvbojIQQO+tGEFfRqrY19MCgYEA76swEK1xnFA53q2Ewkupz49C5EbHKjeu2/nEG521JXmqNRvuMbTow8jmc6ane9YjXwIFQBdlwh0yYbJOX3o1sPRSMndKAeeJb0uhkkSl3lTH58Q6x7BdPGRzHPOtxsk6cGDpxLpPmpQZoTaQeTHbDFNro7XJozkYMLgjCYWFPTcCgYBmEkdeQKscfzODKtOZO7CnhBdc7rr/nKoWxlR1CC/TbDCjM5WgLFh9ciARXNnw6GtUTj+V0q9zY2wj2KJ2NBrOpWfU0jqcHEI+FYzGPwxOwVTzGhaFINq4HLJOZwAvUCO8TedW0Y1+BOOHhX9XXKtRw4KqHgWZrhirYSYaveQoOQKBgQDcoHAsyh2t0cSUEpQF8HUv1yey0N0DJiNX6QL4kSNyjh97qGyLYYhswwIyMJY5T5VcHpYKu/82xH3epa+0AOJwNVl9j4aXXjeMNslTxtISa2VjG6cosFgEAkxduIyeVBvx26UXLpOdLvyxBXPVvWlyXVDXcb9e/G4iW0AVwc433QKBgCpQRAzxuzFwkeWUhE8I7jxF9mJEtlW2NUBfeqqS5skLQNxXjHYQiRQZoCkox5OTcK6aM6/mLlq2u6hIUewNlynInmcHVWQ7z2xD4sXd1Vshko7ZetWBECUkKL/ZlK9YOKP8roHHuhzrstbXdWhpHE1m1jrUfGP2wz6TAcP4u1fO', 'MIIBIjANBgkqhkiG9w0BAQEFAAOCAQ8AMIIBCgKCAQEArJo3CHA8AOG2ZOABp3uYL/ZcwZfMuKCL/6/C4zm7CdNzxuipIA4pxw4XTDodyGTOsdaWa3E729sIVRYCsKZEwLa5E3lzx7cZQn+Hz2vU716jdsKzEeIeZvPbnLGGIjWIUiij46BzjlW6Y0sjwOe7ToUlHP7Nzo76mrBYSq0pn83SZHhE98PVWU8xzYgWvBEsPZF+Ypey3eJaNLcPF5k+Q1KKS+LqQJYKB4emccbXpiePYmDF0mIP1OJSIRyE7WMK60EPIa9M/NUFTz7JkTzAofKN7Ju56lIh0GaFhLX448R4RWvwyqUq27UCY0EqCYR4ObRiglF4+2BXAikYH6KlVQIDAQAB', NULL, 1, 32);
INSERT INTO public.keys (id, notification_key, private_key, public_key, refresh_token, version, user_id) VALUES (33, 'notification_33', 'MIIEuwIBADANBgkqhkiG9w0BAQEFAASCBKUwggShAgEAAoIBAQCsmjcIcDwA4bZk4AGne5gv9lzBl8y4oIv/r8LjObsJ03PG6KkgDinHDhdMOh3IZM6x1pZrcTvb2whVFgKwpkTAtrkTeXPHtxlCf4fPa9TvXqN2wrMR4h5m89ucsYYiNYhSKKPjoHOOVbpjSyPA57tOhSUc/s3OjvqasFhKrSmfzdJkeET3w9VZTzHNiBa8ESw9kX5il7Ld4lo0tw8XmT5DUopL4upAlgoHh6ZxxtemJ49iYMXSYg/U4lIhHITtYwrrQQ8hr0z81QVPPsmRPMCh8o3sm7nqUiHQZoWEtfjjxHhFa/DKpSrbtQJjQSoJhHg5tGKCUXj7YFcCKRgfoqVVAgMBAAECgf9S1FcVOU8bjIO93F3BGhFINwoq6ti+rCpPHUCo5c4+rOxDq3XcAxoFrBwN1MXWleuSadqi+jGgFXmOCxjioJs7OnJMcBRpZv/i5UL2Yd/q0sMsMtZSA1NJdSxuwSL/2tmRKEJ1TZKdg1TwxIvJ5lrftdj7UNy4UIcJIbsr00umWWNhTTXetPcf8PXcGwNkiz5bE6i7R0Iw3CC87Tz1f8ULpTx0TH/pusfpdN2uwKDENmjFFYRAXlxoK9MtfBwawtoEuonHtTGgWcgg830TLldSueJUZKldsbnAsMWops52npQCxJiHjivFqIJbQk7ae8VyDOlhCFI9OG0411FD/vMCgYEAuF0dKCjuZdcw+0Z2DV9DDKYMmBoiBhfxsAW5PlF7fvEZbG4DsgJDLjexOrU1EcSmthklFX4pE83DCSY6hhmTenS28w+L08vyhskvaUQeAzNckhG8F8IjAHnEFCja7tCxi+g03VJaeeDpFjfCHZrQxhvbojIQQO+tGEFfRqrY19MCgYEA76swEK1xnFA53q2Ewkupz49C5EbHKjeu2/nEG521JXmqNRvuMbTow8jmc6ane9YjXwIFQBdlwh0yYbJOX3o1sPRSMndKAeeJb0uhkkSl3lTH58Q6x7BdPGRzHPOtxsk6cGDpxLpPmpQZoTaQeTHbDFNro7XJozkYMLgjCYWFPTcCgYBmEkdeQKscfzODKtOZO7CnhBdc7rr/nKoWxlR1CC/TbDCjM5WgLFh9ciARXNnw6GtUTj+V0q9zY2wj2KJ2NBrOpWfU0jqcHEI+FYzGPwxOwVTzGhaFINq4HLJOZwAvUCO8TedW0Y1+BOOHhX9XXKtRw4KqHgWZrhirYSYaveQoOQKBgQDcoHAsyh2t0cSUEpQF8HUv1yey0N0DJiNX6QL4kSNyjh97qGyLYYhswwIyMJY5T5VcHpYKu/82xH3epa+0AOJwNVl9j4aXXjeMNslTxtISa2VjG6cosFgEAkxduIyeVBvx26UXLpOdLvyxBXPVvWlyXVDXcb9e/G4iW0AVwc433QKBgCpQRAzxuzFwkeWUhE8I7jxF9mJEtlW2NUBfeqqS5skLQNxXjHYQiRQZoCkox5OTcK6aM6/mLlq2u6hIUewNlynInmcHVWQ7z2xD4sXd1Vshko7ZetWBECUkKL/ZlK9YOKP8roHHuhzrstbXdWhpHE1m1jrUfGP2wz6TAcP4u1fO', 'MIIBIjANBgkqhkiG9w0BAQEFAAOCAQ8AMIIBCgKCAQEArJo3CHA8AOG2ZOABp3uYL/ZcwZfMuKCL/6/C4zm7CdNzxuipIA4pxw4XTDodyGTOsdaWa3E729sIVRYCsKZEwLa5E3lzx7cZQn+Hz2vU716jdsKzEeIeZvPbnLGGIjWIUiij46BzjlW6Y0sjwOe7ToUlHP7Nzo76mrBYSq0pn83SZHhE98PVWU8xzYgWvBEsPZF+Ypey3eJaNLcPF5k+Q1KKS+LqQJYKB4emccbXpiePYmDF0mIP1OJSIRyE7WMK60EPIa9M/NUFTz7JkTzAofKN7Ju56lIh0GaFhLX448R4RWvwyqUq27UCY0EqCYR4ObRiglF4+2BXAikYH6KlVQIDAQAB', NULL, 1, 33);
INSERT INTO public.keys (id, notification_key, private_key, public_key, refresh_token, version, user_id) VALUES (34, 'notification_34', 'MIIEuwIBADANBgkqhkiG9w0BAQEFAASCBKUwggShAgEAAoIBAQCsmjcIcDwA4bZk4AGne5gv9lzBl8y4oIv/r8LjObsJ03PG6KkgDinHDhdMOh3IZM6x1pZrcTvb2whVFgKwpkTAtrkTeXPHtxlCf4fPa9TvXqN2wrMR4h5m89ucsYYiNYhSKKPjoHOOVbpjSyPA57tOhSUc/s3OjvqasFhKrSmfzdJkeET3w9VZTzHNiBa8ESw9kX5il7Ld4lo0tw8XmT5DUopL4upAlgoHh6ZxxtemJ49iYMXSYg/U4lIhHITtYwrrQQ8hr0z81QVPPsmRPMCh8o3sm7nqUiHQZoWEtfjjxHhFa/DKpSrbtQJjQSoJhHg5tGKCUXj7YFcCKRgfoqVVAgMBAAECgf9S1FcVOU8bjIO93F3BGhFINwoq6ti+rCpPHUCo5c4+rOxDq3XcAxoFrBwN1MXWleuSadqi+jGgFXmOCxjioJs7OnJMcBRpZv/i5UL2Yd/q0sMsMtZSA1NJdSxuwSL/2tmRKEJ1TZKdg1TwxIvJ5lrftdj7UNy4UIcJIbsr00umWWNhTTXetPcf8PXcGwNkiz5bE6i7R0Iw3CC87Tz1f8ULpTx0TH/pusfpdN2uwKDENmjFFYRAXlxoK9MtfBwawtoEuonHtTGgWcgg830TLldSueJUZKldsbnAsMWops52npQCxJiHjivFqIJbQk7ae8VyDOlhCFI9OG0411FD/vMCgYEAuF0dKCjuZdcw+0Z2DV9DDKYMmBoiBhfxsAW5PlF7fvEZbG4DsgJDLjexOrU1EcSmthklFX4pE83DCSY6hhmTenS28w+L08vyhskvaUQeAzNckhG8F8IjAHnEFCja7tCxi+g03VJaeeDpFjfCHZrQxhvbojIQQO+tGEFfRqrY19MCgYEA76swEK1xnFA53q2Ewkupz49C5EbHKjeu2/nEG521JXmqNRvuMbTow8jmc6ane9YjXwIFQBdlwh0yYbJOX3o1sPRSMndKAeeJb0uhkkSl3lTH58Q6x7BdPGRzHPOtxsk6cGDpxLpPmpQZoTaQeTHbDFNro7XJozkYMLgjCYWFPTcCgYBmEkdeQKscfzODKtOZO7CnhBdc7rr/nKoWxlR1CC/TbDCjM5WgLFh9ciARXNnw6GtUTj+V0q9zY2wj2KJ2NBrOpWfU0jqcHEI+FYzGPwxOwVTzGhaFINq4HLJOZwAvUCO8TedW0Y1+BOOHhX9XXKtRw4KqHgWZrhirYSYaveQoOQKBgQDcoHAsyh2t0cSUEpQF8HUv1yey0N0DJiNX6QL4kSNyjh97qGyLYYhswwIyMJY5T5VcHpYKu/82xH3epa+0AOJwNVl9j4aXXjeMNslTxtISa2VjG6cosFgEAkxduIyeVBvx26UXLpOdLvyxBXPVvWlyXVDXcb9e/G4iW0AVwc433QKBgCpQRAzxuzFwkeWUhE8I7jxF9mJEtlW2NUBfeqqS5skLQNxXjHYQiRQZoCkox5OTcK6aM6/mLlq2u6hIUewNlynInmcHVWQ7z2xD4sXd1Vshko7ZetWBECUkKL/ZlK9YOKP8roHHuhzrstbXdWhpHE1m1jrUfGP2wz6TAcP4u1fO', 'MIIBIjANBgkqhkiG9w0BAQEFAAOCAQ8AMIIBCgKCAQEArJo3CHA8AOG2ZOABp3uYL/ZcwZfMuKCL/6/C4zm7CdNzxuipIA4pxw4XTDodyGTOsdaWa3E729sIVRYCsKZEwLa5E3lzx7cZQn+Hz2vU716jdsKzEeIeZvPbnLGGIjWIUiij46BzjlW6Y0sjwOe7ToUlHP7Nzo76mrBYSq0pn83SZHhE98PVWU8xzYgWvBEsPZF+Ypey3eJaNLcPF5k+Q1KKS+LqQJYKB4emccbXpiePYmDF0mIP1OJSIRyE7WMK60EPIa9M/NUFTz7JkTzAofKN7Ju56lIh0GaFhLX448R4RWvwyqUq27UCY0EqCYR4ObRiglF4+2BXAikYH6KlVQIDAQAB', NULL, 1, 34);
INSERT INTO public.keys (id, notification_key, private_key, public_key, refresh_token, version, user_id) VALUES (1, 'asdfasf', 'MIIEuwIBADANBgkqhkiG9w0BAQEFAASCBKUwggShAgEAAoIBAQCsmjcIcDwA4bZk4AGne5gv9lzBl8y4oIv/r8LjObsJ03PG6KkgDinHDhdMOh3IZM6x1pZrcTvb2whVFgKwpkTAtrkTeXPHtxlCf4fPa9TvXqN2wrMR4h5m89ucsYYiNYhSKKPjoHOOVbpjSyPA57tOhSUc/s3OjvqasFhKrSmfzdJkeET3w9VZTzHNiBa8ESw9kX5il7Ld4lo0tw8XmT5DUopL4upAlgoHh6ZxxtemJ49iYMXSYg/U4lIhHITtYwrrQQ8hr0z81QVPPsmRPMCh8o3sm7nqUiHQZoWEtfjjxHhFa/DKpSrbtQJjQSoJhHg5tGKCUXj7YFcCKRgfoqVVAgMBAAECgf9S1FcVOU8bjIO93F3BGhFINwoq6ti+rCpPHUCo5c4+rOxDq3XcAxoFrBwN1MXWleuSadqi+jGgFXmOCxjioJs7OnJMcBRpZv/i5UL2Yd/q0sMsMtZSA1NJdSxuwSL/2tmRKEJ1TZKdg1TwxIvJ5lrftdj7UNy4UIcJIbsr00umWWNhTTXetPcf8PXcGwNkiz5bE6i7R0Iw3CC87Tz1f8ULpTx0TH/pusfpdN2uwKDENmjFFYRAXlxoK9MtfBwawtoEuonHtTGgWcgg830TLldSueJUZKldsbnAsMWops52npQCxJiHjivFqIJbQk7ae8VyDOlhCFI9OG0411FD/vMCgYEAuF0dKCjuZdcw+0Z2DV9DDKYMmBoiBhfxsAW5PlF7fvEZbG4DsgJDLjexOrU1EcSmthklFX4pE83DCSY6hhmTenS28w+L08vyhskvaUQeAzNckhG8F8IjAHnEFCja7tCxi+g03VJaeeDpFjfCHZrQxhvbojIQQO+tGEFfRqrY19MCgYEA76swEK1xnFA53q2Ewkupz49C5EbHKjeu2/nEG521JXmqNRvuMbTow8jmc6ane9YjXwIFQBdlwh0yYbJOX3o1sPRSMndKAeeJb0uhkkSl3lTH58Q6x7BdPGRzHPOtxsk6cGDpxLpPmpQZoTaQeTHbDFNro7XJozkYMLgjCYWFPTcCgYBmEkdeQKscfzODKtOZO7CnhBdc7rr/nKoWxlR1CC/TbDCjM5WgLFh9ciARXNnw6GtUTj+V0q9zY2wj2KJ2NBrOpWfU0jqcHEI+FYzGPwxOwVTzGhaFINq4HLJOZwAvUCO8TedW0Y1+BOOHhX9XXKtRw4KqHgWZrhirYSYaveQoOQKBgQDcoHAsyh2t0cSUEpQF8HUv1yey0N0DJiNX6QL4kSNyjh97qGyLYYhswwIyMJY5T5VcHpYKu/82xH3epa+0AOJwNVl9j4aXXjeMNslTxtISa2VjG6cosFgEAkxduIyeVBvx26UXLpOdLvyxBXPVvWlyXVDXcb9e/G4iW0AVwc433QKBgCpQRAzxuzFwkeWUhE8I7jxF9mJEtlW2NUBfeqqS5skLQNxXjHYQiRQZoCkox5OTcK6aM6/mLlq2u6hIUewNlynInmcHVWQ7z2xD4sXd1Vshko7ZetWBECUkKL/ZlK9YOKP8roHHuhzrstbXdWhpHE1m1jrUfGP2wz6TAcP4u1fO', 'MIIBIjANBgkqhkiG9w0BAQEFAAOCAQ8AMIIBCgKCAQEArJo3CHA8AOG2ZOABp3uYL/ZcwZfMuKCL/6/C4zm7CdNzxuipIA4pxw4XTDodyGTOsdaWa3E729sIVRYCsKZEwLa5E3lzx7cZQn+Hz2vU716jdsKzEeIeZvPbnLGGIjWIUiij46BzjlW6Y0sjwOe7ToUlHP7Nzo76mrBYSq0pn83SZHhE98PVWU8xzYgWvBEsPZF+Ypey3eJaNLcPF5k+Q1KKS+LqQJYKB4emccbXpiePYmDF0mIP1OJSIRyE7WMK60EPIa9M/NUFTz7JkTzAofKN7Ju56lIh0GaFhLX448R4RWvwyqUq27UCY0EqCYR4ObRiglF4+2BXAikYH6KlVQIDAQAB', 'eyJhbGciOiJSUzI1NiJ9.eyJpZCI6MSwicm9sZSI6IlVTRVIiLCJ2ZXJzaW9uIjo4LCJlbWFpbCI6ImpvaG4uZG9lQGV4YW1wbGUuY29tIiwiaWF0IjoxNzMwOTYwMjM1LCJleHAiOjE3MzE1NjUwMzV9.ZYPJILlYgrC0udz9J7gVRwnt72ltJpyBU1hhQrqA4mOu4AIxFpHJPpPfC_c9JIcrZCgMWwHu2I_jxC-5duJWj7KkcKn4_w31vRLWJ8aec9i-LN1V4BKPoC-FzwOdFcaYFn5utaSW4P3H8SJbmYufiOaKK4XS7VKCj7qf5wtcO_AOOm7Gm10Gl4u1CjVSy_gr_hlGm35G8kx5SaeE59D3nBSf6XsfqmJUsXH3DmG-lOEGZhlcEdFki5eZMIXo6hQ3Ccf4aZ2sTQlz5o0ADNUQnnR3XUb8LMW54rTxDOwfmPleaMujIeX8P0zrE_ym2nt6ujsBvpK1XUOReMrPaXnzXQ', 8, 1);

--
-- Data for Name: medical_conditions; Type: TABLE DATA; Schema: public; Owner: postgres
--

INSERT INTO public.medical_conditions (id, created_at, deleted_at, updated_at, condition_name, notes, status, prescription_id) VALUES (1, '2024-11-05 12:56:38.122803', NULL, '2024-11-05 12:56:38.122803', 'Hyperglycemia', 'Elevated blood glucose levels.', 'ACTIVE', 3);
INSERT INTO public.medical_conditions (id, created_at, deleted_at, updated_at, condition_name, notes, status, prescription_id) VALUES (2, '2024-11-05 12:56:38.122803', NULL, '2024-11-05 12:56:38.122803', 'Polyuria', 'Frequent urination as a symptom.', 'ACTIVE', 3);
INSERT INTO public.medical_conditions (id, created_at, deleted_at, updated_at, condition_name, notes, status, prescription_id) VALUES (3, '2024-11-05 12:56:38.122803', NULL, '2024-11-05 12:56:38.122803', 'Fatigue', 'Persistent tiredness.', 'ACTIVE', 4);
INSERT INTO public.medical_conditions (id, created_at, deleted_at, updated_at, condition_name, notes, status, prescription_id) VALUES (4, '2024-11-05 12:56:38.122803', NULL, '2024-11-05 12:56:38.122803', 'Dizziness', 'Feeling lightheaded.', 'ACTIVE', 4);
INSERT INTO public.medical_conditions (id, created_at, deleted_at, updated_at, condition_name, notes, status, prescription_id) VALUES (5, '2024-11-05 12:56:38.122803', NULL, '2024-11-05 12:56:38.122803', 'Chest Pain', 'Pain in the chest area.', 'ACTIVE', 5);
INSERT INTO public.medical_conditions (id, created_at, deleted_at, updated_at, condition_name, notes, status, prescription_id) VALUES (6, '2024-11-05 12:56:38.122803', NULL, '2024-11-05 12:56:38.122803', 'Shortness of Breath', 'Difficulty breathing.', 'ACTIVE', 5);
INSERT INTO public.medical_conditions (id, created_at, deleted_at, updated_at, condition_name, notes, status, prescription_id) VALUES (7, '2024-11-05 12:56:38.122803', NULL, '2024-11-05 12:56:38.122803', 'Headache', 'Pain in the head.', 'ACTIVE', 1);
INSERT INTO public.medical_conditions (id, created_at, deleted_at, updated_at, condition_name, notes, status, prescription_id) VALUES (8, '2024-11-05 12:56:38.122803', NULL, '2024-11-05 12:56:38.122803', 'Allergy', 'Reaction to allergens.', 'ACTIVE', 2);
INSERT INTO public.medical_conditions (id, created_at, deleted_at, updated_at, condition_name, notes, status, prescription_id) VALUES (9, '2024-11-05 12:56:38.122803', NULL, '2024-11-05 12:56:38.122803', 'Anxiety', 'Feelings of worry or unease.', 'ACTIVE', 4);
INSERT INTO public.medical_conditions (id, created_at, deleted_at, updated_at, condition_name, notes, status, prescription_id) VALUES (10, '2024-11-05 12:56:38.122803', NULL, '2024-11-05 12:56:38.122803', 'Cold Symptoms', 'Includes runny nose and sneezing.', 'ACTIVE', 6);
INSERT INTO public.medical_conditions (id, created_at, deleted_at, updated_at, condition_name, notes, status, prescription_id) VALUES (11, '2024-11-05 12:56:38.122803', NULL, '2024-11-05 12:56:38.122803', 'Nausea', 'Feeling of wanting to vomit.', 'ACTIVE', 7);
INSERT INTO public.medical_conditions (id, created_at, deleted_at, updated_at, condition_name, notes, status, prescription_id) VALUES (12, '2024-11-05 12:56:38.122803', NULL, '2024-11-05 12:56:38.122803', 'Cough', 'Persistent coughing.', 'ACTIVE', 8);
INSERT INTO public.medical_conditions (id, created_at, deleted_at, updated_at, condition_name, notes, status, prescription_id) VALUES (13, '2024-11-05 12:56:38.122803', NULL, '2024-11-05 12:56:38.122803', 'Skin Rash', 'Inflammation or irritation of the skin.', 'ACTIVE', 9);
INSERT INTO public.medical_conditions (id, created_at, deleted_at, updated_at, condition_name, notes, status, prescription_id) VALUES (14, '2024-11-05 12:56:38.122803', NULL, '2024-11-05 12:56:38.122803', 'Fungal Infection', 'Caused by fungus.', 'ACTIVE', 10);
INSERT INTO public.medical_conditions (id, created_at, deleted_at, updated_at, condition_name, notes, status, prescription_id) VALUES (15, '2024-11-05 12:56:38.122803', NULL, '2024-11-05 12:56:38.122803', 'Stomach Pain', 'Pain in the abdominal area.', 'ACTIVE', 11);
INSERT INTO public.medical_conditions (id, created_at, deleted_at, updated_at, condition_name, notes, status, prescription_id) VALUES (16, '2024-11-05 12:56:38.122803', NULL, '2024-11-05 12:56:38.122803', 'Muscle Pain', 'Aching or soreness in the muscles.', 'ACTIVE', 12);
INSERT INTO public.medical_conditions (id, created_at, deleted_at, updated_at, condition_name, notes, status, prescription_id) VALUES (17, '2024-11-05 12:56:38.122803', NULL, '2024-11-05 12:56:38.122803', 'Cough', 'Recurring cough.', 'ACTIVE', 13);
INSERT INTO public.medical_conditions (id, created_at, deleted_at, updated_at, condition_name, notes, status, prescription_id) VALUES (18, '2024-11-05 12:56:38.122803', NULL, '2024-11-05 12:56:38.122803', 'Fatigue', 'Ongoing tiredness.', 'ACTIVE', 14);
INSERT INTO public.medical_conditions (id, created_at, deleted_at, updated_at, condition_name, notes, status, prescription_id) VALUES (19, '2024-11-05 12:56:38.122803', NULL, '2024-11-05 12:56:38.122803', 'Redness', 'Visible redness of the skin.', 'ACTIVE', 15);


--
-- Data for Name: medications; Type: TABLE DATA; Schema: public; Owner: postgres
--

INSERT INTO public.medications (id, created_at, deleted_at, updated_at, description, exp_date, image_url, mfg_date, name) VALUES (1, '2024-11-05 12:20:52.327608', NULL, '2024-11-05 12:20:52.327608', 'Pain reliever', '2025-12-31', 'http://example.com/image1.jpg', '2023-01-01', 'Paracetamol');
INSERT INTO public.medications (id, created_at, deleted_at, updated_at, description, exp_date, image_url, mfg_date, name) VALUES (2, '2024-11-05 12:20:52.327608', NULL, '2024-11-05 12:20:52.327608', 'Antibiotic', '2024-06-30', 'http://example.com/image2.jpg', '2023-01-15', 'Amoxicillin');
INSERT INTO public.medications (id, created_at, deleted_at, updated_at, description, exp_date, image_url, mfg_date, name) VALUES (3, '2024-11-05 12:20:52.327608', NULL, '2024-11-05 12:20:52.327608', 'Allergy medication', '2025-05-15', 'http://example.com/image3.jpg', '2023-02-01', 'Cetirizine');
INSERT INTO public.medications (id, created_at, deleted_at, updated_at, description, exp_date, image_url, mfg_date, name) VALUES (4, '2024-11-05 12:20:52.327608', NULL, '2024-11-05 12:20:52.327608', 'Cold and flu relief', '2024-09-30', 'http://example.com/image4.jpg', '2023-03-01', 'Diphenhydramine');
INSERT INTO public.medications (id, created_at, deleted_at, updated_at, description, exp_date, image_url, mfg_date, name) VALUES (5, '2024-11-05 12:20:52.327608', NULL, '2024-11-05 12:20:52.327608', 'Cough syrup', '2025-03-20', 'http://example.com/image5.jpg', '2023-04-01', 'Dextromethorphan');
INSERT INTO public.medications (id, created_at, deleted_at, updated_at, description, exp_date, image_url, mfg_date, name) VALUES (6, '2024-11-05 12:20:52.327608', NULL, '2024-11-05 12:20:52.327608', 'Antidepressant', '2024-11-15', 'http://example.com/image6.jpg', '2023-05-01', 'Fluoxetine');
INSERT INTO public.medications (id, created_at, deleted_at, updated_at, description, exp_date, image_url, mfg_date, name) VALUES (7, '2024-11-05 12:20:52.327608', NULL, '2024-11-05 12:20:52.327608', 'Anti-inflammatory', '2025-01-31', 'http://example.com/image7.jpg', '2023-06-01', 'Ibuprofen');
INSERT INTO public.medications (id, created_at, deleted_at, updated_at, description, exp_date, image_url, mfg_date, name) VALUES (8, '2024-11-05 12:20:52.327608', NULL, '2024-11-05 12:20:52.327608', 'Diuretic', '2024-07-15', 'http://example.com/image8.jpg', '2023-07-01', 'Hydrochlorothiazide');
INSERT INTO public.medications (id, created_at, deleted_at, updated_at, description, exp_date, image_url, mfg_date, name) VALUES (9, '2024-11-05 12:20:52.327608', NULL, '2024-11-05 12:20:52.327608', 'Cholesterol medication', '2025-10-30', 'http://example.com/image9.jpg', '2023-08-01', 'Atorvastatin');
INSERT INTO public.medications (id, created_at, deleted_at, updated_at, description, exp_date, image_url, mfg_date, name) VALUES (10, '2024-11-05 12:20:52.327608', NULL, '2024-11-05 12:20:52.327608', 'Blood pressure medication', '2024-12-31', 'http://example.com/image10.jpg', '2023-09-01', 'Lisinopril');
INSERT INTO public.medications (id, created_at, deleted_at, updated_at, description, exp_date, image_url, mfg_date, name) VALUES (11, '2024-11-05 12:20:52.327608', NULL, '2024-11-05 12:20:52.327608', 'Antidiabetic medication', '2025-06-30', 'http://example.com/image11.jpg', '2023-10-01', 'Metformin');
INSERT INTO public.medications (id, created_at, deleted_at, updated_at, description, exp_date, image_url, mfg_date, name) VALUES (12, '2024-11-05 12:20:52.327608', NULL, '2024-11-05 12:20:52.327608', 'Antihypertensive', '2024-08-15', 'http://example.com/image12.jpg', '2023-11-01', 'Atenolol');
INSERT INTO public.medications (id, created_at, deleted_at, updated_at, description, exp_date, image_url, mfg_date, name) VALUES (13, '2024-11-05 12:20:52.327608', NULL, '2024-11-05 12:20:52.327608', 'Vitamins', '2025-04-20', 'http://example.com/image13.jpg', '2023-12-01', 'Vitamin D');
INSERT INTO public.medications (id, created_at, deleted_at, updated_at, description, exp_date, image_url, mfg_date, name) VALUES (14, '2024-11-05 12:20:52.327608', NULL, '2024-11-05 12:20:52.327608', 'Probiotic', '2025-07-10', 'http://example.com/image14.jpg', '2023-01-10', 'Lactobacillus');
INSERT INTO public.medications (id, created_at, deleted_at, updated_at, description, exp_date, image_url, mfg_date, name) VALUES (15, '2024-11-05 12:20:52.327608', NULL, '2024-11-05 12:20:52.327608', 'Pain relief gel', '2024-05-25', 'http://example.com/image15.jpg', '2023-02-10', 'Diclofenac');

--
-- Data for Name: prescription_details; Type: TABLE DATA; Schema: public; Owner: postgres
--

INSERT INTO public.prescription_details (id, created_at, deleted_at, updated_at, dosage, duration, frequency, instructions, medication_id, prescription_id) VALUES (1, '2024-11-05 12:54:02.981744', NULL, '2024-11-05 12:54:02.981744', '75 mg', '5 days', 'twice a day', 'Take with food', 1, 1);
INSERT INTO public.prescription_details (id, created_at, deleted_at, updated_at, dosage, duration, frequency, instructions, medication_id, prescription_id) VALUES (2, '2024-11-05 12:54:02.981744', NULL, '2024-11-05 12:54:02.981744', '75 mg', '5 days', 'twice a day', 'Take with food', 2, 1);
INSERT INTO public.prescription_details (id, created_at, deleted_at, updated_at, dosage, duration, frequency, instructions, medication_id, prescription_id) VALUES (3, '2024-11-05 12:54:02.981744', NULL, '2024-11-05 12:54:02.981744', '5 mg', '30 days', 'once a day', 'Take in the morning', 3, 2);
INSERT INTO public.prescription_details (id, created_at, deleted_at, updated_at, dosage, duration, frequency, instructions, medication_id, prescription_id) VALUES (4, '2024-11-05 12:54:02.981744', NULL, '2024-11-05 12:54:02.981744', '5 mg', '30 days', 'once a day', 'Take in the morning', 3, 2);
INSERT INTO public.prescription_details (id, created_at, deleted_at, updated_at, dosage, duration, frequency, instructions, medication_id, prescription_id) VALUES (5, '2024-11-05 12:54:02.981744', NULL, '2024-11-05 12:54:02.981744', '500 mg', '10 days', 'three times a day', 'Take with plenty of water', 4, 3);
INSERT INTO public.prescription_details (id, created_at, deleted_at, updated_at, dosage, duration, frequency, instructions, medication_id, prescription_id) VALUES (6, '2024-11-05 12:54:02.981744', NULL, '2024-11-05 12:54:02.981744', '500 mg', '10 days', 'three times a day', 'Take with plenty of water', 4, 3);
INSERT INTO public.prescription_details (id, created_at, deleted_at, updated_at, dosage, duration, frequency, instructions, medication_id, prescription_id) VALUES (7, '2024-11-05 12:54:02.981744', NULL, '2024-11-05 12:54:02.981744', '10 mg', '10 days', 'once a day', 'Take before meals', 5, 4);
INSERT INTO public.prescription_details (id, created_at, deleted_at, updated_at, dosage, duration, frequency, instructions, medication_id, prescription_id) VALUES (8, '2024-11-05 12:54:02.981744', NULL, '2024-11-05 12:54:02.981744', '10 mg', '10 days', 'once a day', 'Take before meals', 6, 5);
INSERT INTO public.prescription_details (id, created_at, deleted_at, updated_at, dosage, duration, frequency, instructions, medication_id, prescription_id) VALUES (9, '2024-11-05 12:54:02.981744', NULL, '2024-11-05 12:54:02.981744', '2 puffs', 'as needed', 'every 4-6 hours', 'Use as directed', 7, 6);
INSERT INTO public.prescription_details (id, created_at, deleted_at, updated_at, dosage, duration, frequency, instructions, medication_id, prescription_id) VALUES (10, '2024-11-05 12:54:02.981744', NULL, '2024-11-05 12:54:02.981744', '2 puffs', 'as needed', 'every 4-6 hours', 'Use as directed', 8, 7);
INSERT INTO public.prescription_details (id, created_at, deleted_at, updated_at, dosage, duration, frequency, instructions, medication_id, prescription_id) VALUES (11, '2024-11-05 12:54:02.981744', NULL, '2024-11-05 12:54:02.981744', '500 mg', '5 days', 'twice a day', 'Take with food', 9, 8);
INSERT INTO public.prescription_details (id, created_at, deleted_at, updated_at, dosage, duration, frequency, instructions, medication_id, prescription_id) VALUES (12, '2024-11-05 12:54:02.981744', NULL, '2024-11-05 12:54:02.981744', '250 mg', '5 days', 'twice a day', 'Take with food', 10, 9);
INSERT INTO public.prescription_details (id, created_at, deleted_at, updated_at, dosage, duration, frequency, instructions, medication_id, prescription_id) VALUES (13, '2024-11-05 12:54:02.981744', NULL, '2024-11-05 12:54:02.981744', '4 mg', 'as needed', 'every 8 hours', 'Take as directed', 11, 10);
INSERT INTO public.prescription_details (id, created_at, deleted_at, updated_at, dosage, duration, frequency, instructions, medication_id, prescription_id) VALUES (14, '2024-11-05 12:54:02.981744', NULL, '2024-11-05 12:54:02.981744', '500 mg', 'as needed', 'once a day', 'Take with food', 12, 11);
INSERT INTO public.prescription_details (id, created_at, deleted_at, updated_at, dosage, duration, frequency, instructions, medication_id, prescription_id) VALUES (15, '2024-11-05 12:54:02.981744', NULL, '2024-11-05 12:54:02.981744', '20 mg', '30 days', 'once a day', 'Take before meals', 13, 12);
INSERT INTO public.prescription_details (id, created_at, deleted_at, updated_at, dosage, duration, frequency, instructions, medication_id, prescription_id) VALUES (16, '2024-11-05 12:54:02.981744', NULL, '2024-11-05 12:54:02.981744', '15 mg', '7 days', 'twice a day', 'Use as needed', 14, 13);
INSERT INTO public.prescription_details (id, created_at, deleted_at, updated_at, dosage, duration, frequency, instructions, medication_id, prescription_id) VALUES (17, '2024-11-05 12:54:02.981744', NULL, '2024-11-05 12:54:02.981744', '1 cream tube', 'as needed', 'apply twice a day', 'Apply to affected area', 15, 14);
INSERT INTO public.prescription_details (id, created_at, deleted_at, updated_at, dosage, duration, frequency, instructions, medication_id, prescription_id) VALUES (18, '2024-11-05 12:54:02.981744', NULL, '2024-11-05 12:54:02.981744', '1 cream tube', 'as needed', 'apply twice a day', 'Apply to affected area', 15, 15);

--
-- Data for Name: doctor_schedules; Type: TABLE DATA; Schema: public; Owner: postgres
--
INSERT INTO public.doctor_schedules VALUES (1, '2024-11-05 12:41:53.826392', NULL, '2024-11-05 12:41:53.826392', 'PENDING', NULL, 'Follow-up consultation', 'John Doe', '2024-11-15 00:00:00', 1, 1);
INSERT INTO public.doctor_schedules VALUES (2, '2024-11-05 12:41:53.826392', NULL, '2024-11-05 12:41:53.826392', 'SCHEDULED', NULL, 'Initial checkup', 'Mark Johnson', '2024-11-16 00:00:00', 2, 2);
INSERT INTO public.doctor_schedules VALUES (3, '2024-11-05 12:41:53.826392', NULL, '2024-11-05 12:41:53.826392', 'COMPLETED', NULL, 'Review test results', 'Alice Brown', '2024-11-17 00:00:00', 3, 3);
INSERT INTO public.doctor_schedules VALUES (4, '2024-11-05 12:41:53.826392', NULL, '2024-11-05 12:41:53.826392', 'CANCELLED', NULL, 'Vaccination appointment', 'Cathy Miller', '2024-11-18 00:00:00', 4, 4);
INSERT INTO public.doctor_schedules VALUES (5, '2024-11-05 12:41:53.826392', NULL, '2024-11-05 12:41:53.826392', 'PENDING', NULL, 'Mental health check', 'Eve Moore', '2024-11-19 00:00:00', 5, 5);
INSERT INTO public.doctor_schedules VALUES (6, '2024-11-05 12:41:53.826392', NULL, '2024-11-05 12:41:53.826392', 'SCHEDULED', NULL, 'Annual physical exam', 'Grace Anderson', '2024-11-20 00:00:00', 6, 6);
INSERT INTO public.doctor_schedules VALUES (7, '2024-11-05 12:41:53.826392', NULL, '2024-11-05 12:41:53.826392', 'COMPLETED', NULL, 'Consultation about medication', 'Ivy Jackson', '2024-11-21 00:00:00', 7, 7);
INSERT INTO public.doctor_schedules VALUES (8, '2024-11-05 12:41:53.826392', NULL, '2024-11-05 12:41:53.826392', 'PENDING', NULL, 'Follow-up on treatment', 'John Doe', '2024-11-22 00:00:00', 1, 8);
INSERT INTO public.doctor_schedules VALUES (9, '2024-11-05 12:41:53.826392', NULL, '2024-11-05 12:41:53.826392', 'SCHEDULED', NULL, 'Discuss test results', 'Mark Johnson', '2024-11-23 00:00:00', 2, 9);
INSERT INTO public.doctor_schedules VALUES (10, '2024-11-05 12:41:53.826392', NULL, '2024-11-05 12:41:53.826392', 'COMPLETED', NULL, 'Routine checkup', 'Alice Brown', '2024-11-24 00:00:00', 3, 10);
INSERT INTO public.doctor_schedules VALUES (11, '2024-11-05 12:41:53.826392', NULL, '2024-11-05 12:41:53.826392', 'CANCELLED', NULL, 'Medication review', 'Cathy Miller', '2024-11-25 00:00:00', 4, 11);
INSERT INTO public.doctor_schedules VALUES (12, '2024-11-05 12:41:53.826392', NULL, '2024-11-05 12:41:53.826392', 'PENDING', NULL, 'Health screening', 'Eve Moore', '2024-11-26 00:00:00', 5, 12);
INSERT INTO public.doctor_schedules VALUES (13, '2024-11-05 12:41:53.826392', NULL, '2024-11-05 12:41:53.826392', 'SCHEDULED', NULL, 'Lifestyle consultation', 'Grace Anderson', '2024-11-27 00:00:00', 6, 13);
INSERT INTO public.doctor_schedules VALUES (14, '2024-11-05 12:41:53.826392', NULL, '2024-11-05 12:41:53.826392', 'COMPLETED', NULL, 'Post-operative check', 'Ivy Jackson', '2024-11-28 00:00:00', 7, 14);
INSERT INTO public.doctor_schedules VALUES (15, '2024-11-05 12:41:53.826392', NULL, '2024-11-05 12:41:53.826392', 'PENDING', NULL, 'Follow-up appointment', 'John Doe', '2024-11-29 00:00:00', 1, 15);


--
-- Update Sequence for public.keys
--
SELECT setval('public.keys_id_seq', (SELECT MAX(id) FROM public.keys), true);


--
-- Update Sequence for public.medical_conditions
--
SELECT setval('public.medical_conditions_id_seq', (SELECT MAX(id) FROM public.medical_conditions), true);

--
-- Update Sequence for public.medications
--
SELECT setval('public.medications_id_seq', (SELECT MAX(id) FROM public.medications), true);

--
-- Update Sequence for public.prescription_details
--
SELECT setval('public.prescription_details_id_seq', (SELECT MAX(id) FROM public.prescription_details), true);


--
-- Update Sequence for public.users
--
SELECT setval('public.users_id_seq', (SELECT MAX(id) FROM public.users), true);

--
-- Update Sequence for public.prescriptions
--
SELECT setval('public.prescriptions_id_seq', (SELECT MAX(id) FROM public.prescriptions), true);

--
-- Update Sequence for public.notification
--
SELECT setval('public.notification_id_seq', (SELECT MAX(id) FROM public.notification), true);

--
-- Update Sequence for public.accounts
--
SELECT setval('public.accounts_id_seq', (SELECT MAX(id) FROM public.accounts), true);

--
-- Update Sequence for public.addresses
--
SELECT setval('public.addresses_id_seq', (SELECT MAX(id) FROM public.addresses), true);

--
-- Update Sequence for public.health_providers
--
SELECT setval('public.health_providers_id_seq', (SELECT MAX(id) FROM public.health_providers), true);

--
-- Update Sequence for public.doctors
--
SELECT setval('public.doctors_id_seq', (SELECT MAX(id) FROM public.doctors), true);

--
-- Update Sequence for public.appointment_records
--
SELECT setval('public.appointment_records_id_seq', (SELECT MAX(id) FROM public.appointment_records), true);

--
-- Update Sequence for public.articles
--
SELECT setval('public.articles_id_seq', (SELECT MAX(id) FROM public.articles), true);

--
-- Update Sequence for public.article_media
--
SELECT setval('public.article_media_id_seq', (SELECT MAX(id) FROM public.article_media), true);

--
-- Update Sequence for public.doctor_schedules
--
SELECT setval('public.doctor_schedules_id_seq', (SELECT MAX(id) FROM public.doctor_schedules), true);